order_id,customer_id,amount,ordered_at,status,file_id
5001,202,50,2026-06-27,paid,orders_06.csv
5002,111,15,2026-06-23,paid,orders_06.csv
5003,362,80,2026-06-07,paid,orders_06.csv
5004,178,10,2026-06-13,paid,orders_06.csv
5005,37,80,2026-06-01,paid,orders_06.csv
5006,84,10,2026-06-14,paid,orders_06.csv
5007,196,120,2026-06-22,cancelled,orders_06.csv
5008,145,50,2026-06-22,paid,orders_06.csv
5009,151,10,2026-06-23,fulfilled,orders_06.csv
5010,81,20,2026-06-06,fulfilled,orders_06.csv
5011,135,20,2026-06-01,paid,orders_06.csv
5012,166,15,2026-06-18,paid,orders_06.csv
5013,159,15,2026-06-29,paid,orders_06.csv
5014,1,20,2026-06-06,fulfilled,orders_06.csv
5015,244,20,2026-06-03,cancelled,orders_06.csv
5016,103,15,2026-06-21,cancelled,orders_06.csv
5017,3,10,2026-06-25,paid,orders_06.csv
5018,46,15,2026-06-27,fulfilled,orders_06.csv
5019,22,35,2026-06-19,paid,orders_06.csv
5020,156,80,2026-06-10,paid,orders_06.csv
5021,300,50,2026-06-03,paid,orders_06.csv
5022,367,120,2026-06-22,cancelled,orders_06.csv
5023,392,20,2026-06-13,fulfilled,orders_06.csv
5024,146,80,2026-06-05,cancelled,orders_06.csv
5025,75,10,2026-06-21,cancelled,orders_06.csv
5026,220,80,2026-06-21,cancelled,orders_06.csv
5027,269,120,2026-06-05,cancelled,orders_06.csv
5028,9,120,2026-06-19,cancelled,orders_06.csv
5029,365,80,2026-06-26,paid,orders_06.csv
5030,16,10,2026-06-03,paid,orders_06.csv
5031,185,10,2026-06-21,fulfilled,orders_06.csv
5032,232,50,2026-06-27,paid,orders_06.csv
5033,10,80,2026-06-21,cancelled,orders_06.csv
5034,126,35,2026-06-22,paid,orders_06.csv
5035,234,120,2026-06-01,paid,orders_06.csv
5036,258,50,2026-06-24,paid,orders_06.csv
5037,270,10,2026-06-22,fulfilled,orders_06.csv
5038,39,120,2026-06-09,paid,orders_06.csv
5039,374,120,2026-06-08,paid,orders_06.csv
5040,379,80,2026-06-08,fulfilled,orders_06.csv
5041,196,10,2026-06-16,fulfilled,orders_06.csv
5042,351,20,2026-06-30,paid,orders_06.csv
5043,324,80,2026-06-20,paid,orders_06.csv
5044,308,15,2026-06-03,paid,orders_06.csv
5045,334,80,2026-06-09,paid,orders_06.csv
5046,291,15,2026-06-20,paid,orders_06.csv
5047,32,35,2026-06-16,paid,orders_06.csv
5048,51,80,2026-06-22,paid,orders_06.csv
5049,251,20,2026-06-22,cancelled,orders_06.csv
5050,238,35,2026-06-10,fulfilled,orders_06.csv
5051,61,50,2026-06-25,paid,orders_06.csv
5052,44,35,2026-06-10,paid,orders_06.csv
5053,235,10,2026-06-10,cancelled,orders_06.csv
5054,138,35,2026-06-15,paid,orders_06.csv
5055,108,10,2026-06-30,cancelled,orders_06.csv
5056,73,80,2026-06-03,cancelled,orders_06.csv
5057,185,15,2026-06-09,cancelled,orders_06.csv
5058,324,50,2026-06-27,paid,orders_06.csv
5059,58,80,2026-06-29,paid,orders_06.csv
5060,255,35,2026-06-08,fulfilled,orders_06.csv
5061,82,10,2026-06-01,fulfilled,orders_06.csv
5062,231,35,2026-06-22,paid,orders_06.csv
5063,73,35,2026-06-24,paid,orders_06.csv
5064,162,10,2026-06-13,paid,orders_06.csv
5065,167,120,2026-06-01,paid,orders_06.csv
5066,204,10,2026-06-27,paid,orders_06.csv
5067,7,80,2026-06-23,paid,orders_06.csv
5068,191,10,2026-06-09,fulfilled,orders_06.csv
5069,302,10,2026-06-13,paid,orders_06.csv
5070,220,120,2026-06-30,paid,orders_06.csv
5071,25,20,2026-06-28,paid,orders_06.csv
5072,339,20,2026-06-02,paid,orders_06.csv
5073,137,35,2026-06-08,cancelled,orders_06.csv
5074,98,120,2026-06-11,paid,orders_06.csv
5075,220,10,2026-06-26,fulfilled,orders_06.csv
5076,284,50,2026-06-30,paid,orders_06.csv
5077,42,10,2026-06-24,fulfilled,orders_06.csv
5078,315,120,2026-06-15,paid,orders_06.csv
5079,147,35,2026-06-21,paid,orders_06.csv
5080,282,15,2026-06-30,paid,orders_06.csv
5081,213,20,2026-06-16,paid,orders_06.csv
5082,131,80,2026-06-10,paid,orders_06.csv
5083,336,15,2026-06-13,paid,orders_06.csv
5084,286,80,2026-06-16,fulfilled,orders_06.csv
5085,86,80,2026-06-04,paid,orders_06.csv
5086,107,50,2026-06-03,fulfilled,orders_06.csv
5087,113,35,2026-06-18,paid,orders_06.csv
5088,231,35,2026-06-25,paid,orders_06.csv
5089,99,15,2026-06-18,paid,orders_06.csv
5090,176,50,2026-06-06,paid,orders_06.csv
5091,123,20,2026-06-11,paid,orders_06.csv
5092,292,15,2026-06-26,paid,orders_06.csv
5093,212,35,2026-06-24,fulfilled,orders_06.csv
5094,269,15,2026-06-24,fulfilled,orders_06.csv
5095,174,120,2026-06-09,paid,orders_06.csv
5096,143,50,2026-06-16,paid,orders_06.csv
5097,352,50,2026-06-05,cancelled,orders_06.csv
5098,111,10,2026-06-21,paid,orders_06.csv
5099,128,35,2026-06-29,fulfilled,orders_06.csv
5100,229,35,2026-06-21,paid,orders_06.csv
5101,12,15,2026-06-28,paid,orders_06.csv
5102,364,120,2026-06-14,fulfilled,orders_06.csv
5103,251,10,2026-06-19,paid,orders_06.csv
5104,271,120,2026-06-13,fulfilled,orders_06.csv
5105,128,120,2026-06-15,paid,orders_06.csv
5106,80,15,2026-06-08,cancelled,orders_06.csv
5107,56,120,2026-06-22,fulfilled,orders_06.csv
5108,283,120,2026-06-03,paid,orders_06.csv
5109,65,15,2026-06-01,cancelled,orders_06.csv
5110,20,80,2026-06-30,paid,orders_06.csv
5111,321,20,2026-06-05,cancelled,orders_06.csv
5112,224,80,2026-06-21,paid,orders_06.csv
5113,37,20,2026-06-04,cancelled,orders_06.csv
5114,99,35,2026-06-19,paid,orders_06.csv
5115,308,10,2026-06-08,paid,orders_06.csv
5116,155,35,2026-06-18,paid,orders_06.csv
5117,331,120,2026-06-11,paid,orders_06.csv
5118,270,15,2026-06-16,cancelled,orders_06.csv
5119,15,35,2026-06-08,paid,orders_06.csv
5120,12,15,2026-06-02,fulfilled,orders_06.csv
5121,346,80,2026-06-29,fulfilled,orders_06.csv
5122,132,15,2026-06-03,fulfilled,orders_06.csv
5123,190,15,2026-06-30,fulfilled,orders_06.csv
5124,357,20,2026-06-02,fulfilled,orders_06.csv
5125,350,35,2026-06-12,paid,orders_06.csv
5126,150,80,2026-06-01,cancelled,orders_06.csv
5127,106,35,2026-06-03,paid,orders_06.csv
5128,393,120,2026-06-10,paid,orders_06.csv
5129,239,15,2026-06-08,paid,orders_06.csv
5130,152,10,2026-06-25,cancelled,orders_06.csv
5131,313,15,2026-06-16,paid,orders_06.csv
5132,214,80,2026-06-16,paid,orders_06.csv
5133,75,35,2026-06-20,paid,orders_06.csv
5134,13,50,2026-06-07,paid,orders_06.csv
5135,27,80,2026-06-14,paid,orders_06.csv
5136,202,35,2026-06-06,paid,orders_06.csv
5137,58,10,2026-06-24,paid,orders_06.csv
5138,98,15,2026-06-11,cancelled,orders_06.csv
5139,240,10,2026-06-24,paid,orders_06.csv
5140,372,35,2026-06-22,paid,orders_06.csv
5141,227,15,2026-06-11,paid,orders_06.csv
5142,41,20,2026-06-01,paid,orders_06.csv
5143,216,10,2026-06-12,cancelled,orders_06.csv
5144,107,35,2026-06-25,paid,orders_06.csv
5145,159,120,2026-06-25,fulfilled,orders_06.csv
5146,26,80,2026-06-03,fulfilled,orders_06.csv
5147,191,50,2026-06-07,fulfilled,orders_06.csv
5148,166,20,2026-06-07,fulfilled,orders_06.csv
5149,324,35,2026-06-01,paid,orders_06.csv
5150,321,120,2026-06-26,fulfilled,orders_06.csv
5151,193,10,2026-06-02,fulfilled,orders_06.csv
5152,32,20,2026-06-03,paid,orders_06.csv
5153,33,50,2026-06-24,paid,orders_06.csv
5154,140,20,2026-06-12,cancelled,orders_06.csv
5155,135,80,2026-06-02,paid,orders_06.csv
5156,142,20,2026-06-30,paid,orders_06.csv
5157,387,50,2026-06-24,paid,orders_06.csv
5158,120,10,2026-06-01,fulfilled,orders_06.csv
5159,239,120,2026-06-23,fulfilled,orders_06.csv
5160,129,35,2026-06-26,fulfilled,orders_06.csv
5161,255,15,2026-06-05,paid,orders_06.csv
5162,379,20,2026-06-26,paid,orders_06.csv
5163,121,20,2026-06-20,paid,orders_06.csv
5164,186,120,2026-06-15,cancelled,orders_06.csv
5165,263,15,2026-06-03,fulfilled,orders_06.csv
5166,82,15,2026-06-25,fulfilled,orders_06.csv
5167,333,10,2026-06-03,fulfilled,orders_06.csv
5168,279,20,2026-06-18,paid,orders_06.csv
5169,54,10,2026-06-14,paid,orders_06.csv
5170,44,15,2026-06-20,paid,orders_06.csv
5171,256,80,2026-06-14,fulfilled,orders_06.csv
5172,120,15,2026-06-06,fulfilled,orders_06.csv
5173,318,80,2026-06-15,paid,orders_06.csv
5174,276,120,2026-06-24,paid,orders_06.csv
5175,151,20,2026-06-25,paid,orders_06.csv
5176,138,20,2026-06-19,paid,orders_06.csv
5177,134,15,2026-06-24,fulfilled,orders_06.csv
5178,96,15,2026-06-08,paid,orders_06.csv
5179,145,50,2026-06-05,paid,orders_06.csv
5180,34,35,2026-06-11,paid,orders_06.csv
5181,260,50,2026-06-08,paid,orders_06.csv
5182,52,80,2026-06-21,fulfilled,orders_06.csv
5183,53,10,2026-06-02,fulfilled,orders_06.csv
5184,119,120,2026-06-29,fulfilled,orders_06.csv
5185,192,10,2026-06-30,paid,orders_06.csv
5186,62,10,2026-06-08,paid,orders_06.csv
5187,299,15,2026-06-20,paid,orders_06.csv
5188,263,120,2026-06-12,paid,orders_06.csv
5189,309,20,2026-06-15,paid,orders_06.csv
5190,327,50,2026-06-04,cancelled,orders_06.csv
5191,112,10,2026-06-12,paid,orders_06.csv
5192,73,10,2026-06-11,paid,orders_06.csv
5193,20,50,2026-06-09,paid,orders_06.csv
5194,6,120,2026-06-27,paid,orders_06.csv
5195,348,20,2026-06-14,paid,orders_06.csv
5196,160,10,2026-06-20,paid,orders_06.csv
5197,254,50,2026-06-02,fulfilled,orders_06.csv
5198,209,10,2026-06-03,fulfilled,orders_06.csv
5199,282,15,2026-06-22,cancelled,orders_06.csv
5200,335,15,2026-06-03,fulfilled,orders_06.csv
5201,139,35,2026-06-23,paid,orders_06.csv
5202,158,35,2026-06-22,paid,orders_06.csv
5203,382,50,2026-06-10,paid,orders_06.csv
5204,214,10,2026-06-14,paid,orders_06.csv
5205,101,35,2026-06-21,fulfilled,orders_06.csv
5206,4,35,2026-06-07,paid,orders_06.csv
5207,59,120,2026-06-14,paid,orders_06.csv
5208,296,20,2026-06-13,fulfilled,orders_06.csv
5209,84,15,2026-06-25,paid,orders_06.csv
5210,283,15,2026-06-02,fulfilled,orders_06.csv
5211,294,50,2026-06-03,paid,orders_06.csv
5212,259,15,2026-06-24,paid,orders_06.csv
5213,146,15,2026-06-12,cancelled,orders_06.csv
5214,35,10,2026-06-06,fulfilled,orders_06.csv
5215,386,120,2026-06-16,paid,orders_06.csv
5216,65,120,2026-06-10,paid,orders_06.csv
5217,248,20,2026-06-30,paid,orders_06.csv
5218,326,35,2026-06-20,paid,orders_06.csv
5219,365,50,2026-06-29,paid,orders_06.csv
5220,114,50,2026-06-21,fulfilled,orders_06.csv
5221,101,120,2026-06-20,fulfilled,orders_06.csv
5222,290,15,2026-06-06,paid,orders_06.csv
5223,266,15,2026-06-13,fulfilled,orders_06.csv
5224,64,15,2026-06-12,paid,orders_06.csv
5225,99,10,2026-06-24,cancelled,orders_06.csv
5226,388,80,2026-06-27,paid,orders_06.csv
5227,166,10,2026-06-22,fulfilled,orders_06.csv
5228,234,50,2026-06-20,paid,orders_06.csv
5229,216,20,2026-06-21,cancelled,orders_06.csv
5230,218,35,2026-06-08,paid,orders_06.csv
5231,258,35,2026-06-15,paid,orders_06.csv
5232,2,50,2026-06-01,fulfilled,orders_06.csv
5233,121,35,2026-06-15,cancelled,orders_06.csv
5234,235,120,2026-06-25,paid,orders_06.csv
5235,243,35,2026-06-26,paid,orders_06.csv
5236,66,20,2026-06-03,fulfilled,orders_06.csv
5237,47,120,2026-06-12,fulfilled,orders_06.csv
5238,262,80,2026-06-17,paid,orders_06.csv
5239,326,15,2026-06-02,paid,orders_06.csv
5240,376,20,2026-06-30,cancelled,orders_06.csv
5241,28,120,2026-06-03,cancelled,orders_06.csv
5242,194,80,2026-06-29,paid,orders_06.csv
5243,34,50,2026-06-01,paid,orders_06.csv
5244,68,35,2026-06-07,paid,orders_06.csv
5245,85,80,2026-06-26,paid,orders_06.csv
5246,180,50,2026-06-03,paid,orders_06.csv
5247,166,50,2026-06-06,paid,orders_06.csv
5248,234,15,2026-06-29,paid,orders_06.csv
5249,246,15,2026-06-17,cancelled,orders_06.csv
5250,316,50,2026-06-09,paid,orders_06.csv
5251,191,10,2026-06-11,paid,orders_06.csv
5252,207,15,2026-06-06,paid,orders_06.csv
5253,168,35,2026-06-22,paid,orders_06.csv
5254,136,10,2026-06-26,cancelled,orders_06.csv
5255,326,120,2026-06-02,paid,orders_06.csv
5256,232,50,2026-06-28,cancelled,orders_06.csv
5257,353,10,2026-06-19,paid,orders_06.csv
5258,323,120,2026-06-18,fulfilled,orders_06.csv
5259,191,20,2026-06-24,fulfilled,orders_06.csv
5260,296,15,2026-06-12,paid,orders_06.csv
5261,392,10,2026-06-11,fulfilled,orders_06.csv
5262,91,50,2026-06-08,paid,orders_06.csv
5263,265,20,2026-06-10,paid,orders_06.csv
5264,300,80,2026-06-21,paid,orders_06.csv
5265,1,80,2026-06-24,paid,orders_06.csv
5266,77,20,2026-06-08,cancelled,orders_06.csv
5267,222,35,2026-06-21,cancelled,orders_06.csv
5268,25,15,2026-06-12,fulfilled,orders_06.csv
5269,314,80,2026-06-08,paid,orders_06.csv
5270,28,10,2026-06-01,cancelled,orders_06.csv
5271,156,10,2026-06-12,cancelled,orders_06.csv
5272,274,15,2026-06-12,fulfilled,orders_06.csv
5273,155,50,2026-06-19,paid,orders_06.csv
5274,188,50,2026-06-07,fulfilled,orders_06.csv
5275,69,10,2026-06-06,paid,orders_06.csv
5276,77,35,2026-06-23,paid,orders_06.csv
5277,327,15,2026-06-03,paid,orders_06.csv
5278,136,10,2026-06-13,paid,orders_06.csv
5279,288,20,2026-06-21,cancelled,orders_06.csv
5280,297,35,2026-06-21,cancelled,orders_06.csv
5281,266,80,2026-06-30,fulfilled,orders_06.csv
5282,85,10,2026-06-08,paid,orders_06.csv
5283,273,10,2026-06-02,fulfilled,orders_06.csv
5284,122,15,2026-06-06,paid,orders_06.csv
5285,399,10,2026-06-30,paid,orders_06.csv
5286,283,80,2026-06-20,paid,orders_06.csv
5287,212,15,2026-06-05,cancelled,orders_06.csv
5288,330,50,2026-06-20,fulfilled,orders_06.csv
5289,314,15,2026-06-27,cancelled,orders_06.csv
5290,33,20,2026-06-10,paid,orders_06.csv
5291,371,120,2026-06-29,fulfilled,orders_06.csv
5292,276,10,2026-06-23,fulfilled,orders_06.csv
5293,224,80,2026-06-28,fulfilled,orders_06.csv
5294,380,80,2026-06-03,fulfilled,orders_06.csv
5295,116,10,2026-06-06,paid,orders_06.csv
5296,330,10,2026-06-08,paid,orders_06.csv
5297,384,80,2026-06-11,paid,orders_06.csv
5298,27,20,2026-06-23,cancelled,orders_06.csv
5299,224,80,2026-06-22,cancelled,orders_06.csv
5300,152,80,2026-06-09,paid,orders_06.csv
5301,260,10,2026-06-03,paid,orders_06.csv
5302,121,120,2026-06-09,paid,orders_06.csv
5303,383,20,2026-06-06,paid,orders_06.csv
5304,200,20,2026-06-29,cancelled,orders_06.csv
5305,195,120,2026-06-08,cancelled,orders_06.csv
5306,242,120,2026-06-16,cancelled,orders_06.csv
5307,4,120,2026-06-23,paid,orders_06.csv
5308,372,15,2026-06-14,cancelled,orders_06.csv
5309,158,120,2026-06-29,paid,orders_06.csv
5310,319,50,2026-06-13,paid,orders_06.csv
5311,88,15,2026-06-19,paid,orders_06.csv
5312,58,10,2026-06-01,cancelled,orders_06.csv
5313,83,20,2026-06-30,paid,orders_06.csv
5314,15,10,2026-06-23,paid,orders_06.csv
5315,355,80,2026-06-05,paid,orders_06.csv
5316,35,80,2026-06-23,paid,orders_06.csv
5317,303,120,2026-06-03,paid,orders_06.csv
5318,274,80,2026-06-07,paid,orders_06.csv
5319,387,80,2026-06-29,fulfilled,orders_06.csv
5320,127,15,2026-06-04,paid,orders_06.csv
5321,18,10,2026-06-04,paid,orders_06.csv
5322,385,80,2026-06-27,paid,orders_06.csv
5323,52,15,2026-06-16,paid,orders_06.csv
5324,388,80,2026-06-26,paid,orders_06.csv
5325,164,20,2026-06-10,fulfilled,orders_06.csv
5326,11,20,2026-06-09,paid,orders_06.csv
5327,145,10,2026-06-30,paid,orders_06.csv
5328,165,120,2026-06-30,cancelled,orders_06.csv
5329,244,120,2026-06-17,paid,orders_06.csv
5330,382,10,2026-06-20,fulfilled,orders_06.csv
5331,224,50,2026-06-01,paid,orders_06.csv
5332,241,80,2026-06-12,paid,orders_06.csv
5333,290,15,2026-06-18,paid,orders_06.csv
5334,148,15,2026-06-19,fulfilled,orders_06.csv
5335,269,15,2026-06-01,paid,orders_06.csv
5336,385,10,2026-06-25,paid,orders_06.csv
5337,252,10,2026-06-12,fulfilled,orders_06.csv
5338,95,35,2026-06-23,cancelled,orders_06.csv
5339,264,20,2026-06-12,cancelled,orders_06.csv
5340,146,120,2026-06-06,paid,orders_06.csv
5341,119,35,2026-06-23,paid,orders_06.csv
5342,326,120,2026-06-04,paid,orders_06.csv
5343,357,50,2026-06-16,paid,orders_06.csv
5344,168,20,2026-06-21,paid,orders_06.csv
5345,203,80,2026-06-13,paid,orders_06.csv
5346,331,10,2026-06-14,paid,orders_06.csv
5347,156,20,2026-06-07,fulfilled,orders_06.csv
5348,280,50,2026-06-29,paid,orders_06.csv
5349,323,15,2026-06-13,fulfilled,orders_06.csv
5350,273,50,2026-06-05,cancelled,orders_06.csv
5351,18,20,2026-06-21,cancelled,orders_06.csv
5352,268,15,2026-06-11,fulfilled,orders_06.csv
5353,284,80,2026-06-22,paid,orders_06.csv
5354,238,35,2026-06-06,paid,orders_06.csv
5355,119,15,2026-06-19,paid,orders_06.csv
5356,330,80,2026-06-15,paid,orders_06.csv
5357,99,20,2026-06-17,paid,orders_06.csv
5358,361,120,2026-06-25,cancelled,orders_06.csv
5359,371,15,2026-06-05,paid,orders_06.csv
5360,168,50,2026-06-24,cancelled,orders_06.csv
5361,83,15,2026-06-12,paid,orders_06.csv
5362,133,80,2026-06-07,paid,orders_06.csv
5363,337,10,2026-06-06,paid,orders_06.csv
5364,78,15,2026-06-13,paid,orders_06.csv
5365,153,35,2026-06-24,paid,orders_06.csv
5366,56,80,2026-06-07,paid,orders_06.csv
5367,106,35,2026-06-09,fulfilled,orders_06.csv
5368,7,35,2026-06-02,fulfilled,orders_06.csv
5369,114,50,2026-06-23,paid,orders_06.csv
5370,12,15,2026-06-15,paid,orders_06.csv
5371,378,35,2026-06-20,paid,orders_06.csv
5372,125,120,2026-06-24,fulfilled,orders_06.csv
5373,294,50,2026-06-23,fulfilled,orders_06.csv
5374,118,80,2026-06-28,cancelled,orders_06.csv
5375,118,80,2026-06-28,paid,orders_06.csv
5376,64,35,2026-06-21,fulfilled,orders_06.csv
5377,134,80,2026-06-11,paid,orders_06.csv
5378,215,15,2026-06-29,fulfilled,orders_06.csv
5379,365,80,2026-06-23,paid,orders_06.csv
5380,217,35,2026-06-09,fulfilled,orders_06.csv
5381,319,120,2026-06-01,fulfilled,orders_06.csv
5382,346,80,2026-06-17,paid,orders_06.csv
5383,336,20,2026-06-29,paid,orders_06.csv
5384,251,10,2026-06-13,paid,orders_06.csv
5385,279,15,2026-06-09,paid,orders_06.csv
5386,103,50,2026-06-23,paid,orders_06.csv
5387,295,35,2026-06-04,cancelled,orders_06.csv
5388,368,35,2026-06-07,cancelled,orders_06.csv
5389,328,120,2026-06-01,paid,orders_06.csv
5390,176,35,2026-06-17,fulfilled,orders_06.csv
5391,351,15,2026-06-07,fulfilled,orders_06.csv
5392,391,10,2026-06-17,cancelled,orders_06.csv
5393,327,10,2026-06-12,paid,orders_06.csv
5394,196,35,2026-06-09,paid,orders_06.csv
5395,39,35,2026-06-01,fulfilled,orders_06.csv
5396,358,80,2026-06-21,paid,orders_06.csv
5397,136,10,2026-06-19,paid,orders_06.csv
5398,380,35,2026-06-10,cancelled,orders_06.csv
5399,201,35,2026-06-08,paid,orders_06.csv
5400,67,120,2026-06-06,paid,orders_06.csv
5401,325,15,2026-06-26,fulfilled,orders_06.csv
5402,288,80,2026-06-21,paid,orders_06.csv
5403,75,20,2026-06-27,fulfilled,orders_06.csv
5404,151,120,2026-06-15,cancelled,orders_06.csv
5405,65,120,2026-06-21,fulfilled,orders_06.csv
5406,118,20,2026-06-12,fulfilled,orders_06.csv
5407,130,35,2026-06-22,paid,orders_06.csv
5408,2,120,2026-06-16,paid,orders_06.csv
5409,126,80,2026-06-12,paid,orders_06.csv
5410,246,35,2026-06-11,fulfilled,orders_06.csv
5411,327,10,2026-06-20,paid,orders_06.csv
5412,156,120,2026-06-05,fulfilled,orders_06.csv
5413,44,120,2026-06-02,cancelled,orders_06.csv
5414,167,120,2026-06-29,paid,orders_06.csv
5415,177,80,2026-06-17,cancelled,orders_06.csv
5416,337,10,2026-06-01,paid,orders_06.csv
5417,336,20,2026-06-03,paid,orders_06.csv
5418,52,50,2026-06-20,paid,orders_06.csv
5419,120,15,2026-06-28,fulfilled,orders_06.csv
5420,79,15,2026-06-12,fulfilled,orders_06.csv
5421,274,15,2026-06-26,cancelled,orders_06.csv
5422,353,50,2026-06-29,paid,orders_06.csv
5423,281,120,2026-06-22,paid,orders_06.csv
5424,254,80,2026-06-07,paid,orders_06.csv
5425,41,80,2026-06-17,fulfilled,orders_06.csv
5426,60,50,2026-06-22,paid,orders_06.csv
5427,215,15,2026-06-09,paid,orders_06.csv
5428,253,50,2026-06-16,paid,orders_06.csv
5429,240,15,2026-06-16,fulfilled,orders_06.csv
5430,256,15,2026-06-08,cancelled,orders_06.csv
5431,377,10,2026-06-20,paid,orders_06.csv
5432,165,35,2026-06-27,cancelled,orders_06.csv
5433,341,20,2026-06-16,fulfilled,orders_06.csv
5434,219,35,2026-06-12,paid,orders_06.csv
5435,327,20,2026-06-06,paid,orders_06.csv
5436,313,10,2026-06-01,paid,orders_06.csv
5437,49,50,2026-06-26,fulfilled,orders_06.csv
5438,388,15,2026-06-16,paid,orders_06.csv
5439,368,35,2026-06-07,paid,orders_06.csv
5440,49,120,2026-06-11,paid,orders_06.csv
5441,243,120,2026-06-11,cancelled,orders_06.csv
5442,395,15,2026-06-18,paid,orders_06.csv
5443,176,35,2026-06-14,paid,orders_06.csv
5444,27,120,2026-06-18,paid,orders_06.csv
5445,182,120,2026-06-10,fulfilled,orders_06.csv
5446,171,50,2026-06-13,paid,orders_06.csv
5447,260,20,2026-06-28,paid,orders_06.csv
5448,253,120,2026-06-21,paid,orders_06.csv
5449,99,20,2026-06-11,paid,orders_06.csv
5450,301,80,2026-06-05,paid,orders_06.csv
5451,21,35,2026-06-26,cancelled,orders_06.csv
5452,208,50,2026-06-29,cancelled,orders_06.csv
5453,205,20,2026-06-02,paid,orders_06.csv
5454,24,15,2026-06-01,fulfilled,orders_06.csv
5455,393,80,2026-06-20,paid,orders_06.csv
5456,257,50,2026-06-26,cancelled,orders_06.csv
5457,316,15,2026-06-13,cancelled,orders_06.csv
5458,349,10,2026-06-29,paid,orders_06.csv
5459,342,80,2026-06-02,fulfilled,orders_06.csv
5460,391,15,2026-06-21,paid,orders_06.csv
5461,93,120,2026-06-22,paid,orders_06.csv
5462,397,10,2026-06-14,paid,orders_06.csv
5463,72,120,2026-06-12,paid,orders_06.csv
5464,364,20,2026-06-18,paid,orders_06.csv
5465,216,10,2026-06-06,paid,orders_06.csv
5466,221,50,2026-06-01,cancelled,orders_06.csv
5467,28,35,2026-06-30,cancelled,orders_06.csv
5468,21,120,2026-06-17,paid,orders_06.csv
5469,216,50,2026-06-25,fulfilled,orders_06.csv
5470,35,10,2026-06-15,fulfilled,orders_06.csv
5471,304,80,2026-06-20,paid,orders_06.csv
5472,395,35,2026-06-16,cancelled,orders_06.csv
5473,43,80,2026-06-04,fulfilled,orders_06.csv
5474,78,80,2026-06-07,paid,orders_06.csv
5475,3,10,2026-06-14,paid,orders_06.csv
5476,46,15,2026-06-28,paid,orders_06.csv
5477,242,10,2026-06-05,paid,orders_06.csv
5478,292,15,2026-06-24,fulfilled,orders_06.csv
5479,382,15,2026-06-24,paid,orders_06.csv
5480,397,80,2026-06-12,paid,orders_06.csv
5481,389,10,2026-06-24,paid,orders_06.csv
5482,286,80,2026-06-21,fulfilled,orders_06.csv
5483,343,20,2026-06-15,paid,orders_06.csv
5484,17,10,2026-06-23,paid,orders_06.csv
5485,334,80,2026-06-01,cancelled,orders_06.csv
5486,200,20,2026-06-03,paid,orders_06.csv
5487,308,15,2026-06-24,fulfilled,orders_06.csv
5488,31,20,2026-06-20,paid,orders_06.csv
5489,373,35,2026-06-19,fulfilled,orders_06.csv
5490,86,15,2026-06-22,paid,orders_06.csv
5491,331,15,2026-06-12,fulfilled,orders_06.csv
5492,198,120,2026-06-16,fulfilled,orders_06.csv
5493,387,50,2026-06-09,paid,orders_06.csv
5494,144,10,2026-06-10,cancelled,orders_06.csv
5495,361,120,2026-06-21,cancelled,orders_06.csv
5496,311,80,2026-06-11,paid,orders_06.csv
5497,78,50,2026-06-27,paid,orders_06.csv
5498,220,15,2026-06-19,fulfilled,orders_06.csv
5499,351,35,2026-06-13,cancelled,orders_06.csv
5500,120,120,2026-06-25,fulfilled,orders_06.csv
5501,353,10,2026-06-10,paid,orders_06.csv
5502,138,35,2026-06-09,paid,orders_06.csv
5503,391,120,2026-06-19,paid,orders_06.csv
5504,73,120,2026-06-10,cancelled,orders_06.csv
5505,141,120,2026-06-05,cancelled,orders_06.csv
5506,398,35,2026-06-22,paid,orders_06.csv
5507,44,50,2026-06-18,cancelled,orders_06.csv
5508,196,15,2026-06-16,paid,orders_06.csv
5509,311,10,2026-06-10,fulfilled,orders_06.csv
5510,363,15,2026-06-15,paid,orders_06.csv
5511,385,10,2026-06-19,fulfilled,orders_06.csv
5512,277,10,2026-06-15,cancelled,orders_06.csv
5513,182,120,2026-06-26,paid,orders_06.csv
5514,204,50,2026-06-08,cancelled,orders_06.csv
5515,133,120,2026-06-29,cancelled,orders_06.csv
5516,245,50,2026-06-11,cancelled,orders_06.csv
5517,97,15,2026-06-07,paid,orders_06.csv
5518,93,120,2026-06-03,paid,orders_06.csv
5519,296,50,2026-06-12,paid,orders_06.csv
5520,400,50,2026-06-13,paid,orders_06.csv
5521,23,35,2026-06-08,paid,orders_06.csv
5522,55,20,2026-06-28,fulfilled,orders_06.csv
5523,42,15,2026-06-26,paid,orders_06.csv
5524,16,20,2026-06-20,paid,orders_06.csv
5525,311,10,2026-06-17,paid,orders_06.csv
5526,105,120,2026-06-02,cancelled,orders_06.csv
5527,301,50,2026-06-16,paid,orders_06.csv
5528,399,20,2026-06-09,fulfilled,orders_06.csv
5529,229,120,2026-06-04,cancelled,orders_06.csv
5530,312,15,2026-06-27,paid,orders_06.csv
5531,20,20,2026-06-27,paid,orders_06.csv
5532,194,10,2026-06-06,paid,orders_06.csv
5533,18,50,2026-06-02,paid,orders_06.csv
5534,362,35,2026-06-28,fulfilled,orders_06.csv
5535,33,120,2026-06-28,cancelled,orders_06.csv
5536,204,10,2026-06-21,paid,orders_06.csv
5537,164,50,2026-06-09,paid,orders_06.csv
5538,46,80,2026-06-21,cancelled,orders_06.csv
5539,94,35,2026-06-13,paid,orders_06.csv
5540,121,80,2026-06-12,paid,orders_06.csv
5541,20,20,2026-06-06,paid,orders_06.csv
5542,284,10,2026-06-02,paid,orders_06.csv
5543,263,80,2026-06-09,fulfilled,orders_06.csv
5544,52,15,2026-06-02,paid,orders_06.csv
5545,3,15,2026-06-25,paid,orders_06.csv
5546,303,35,2026-06-19,paid,orders_06.csv
5547,166,20,2026-06-16,paid,orders_06.csv
5548,64,20,2026-06-13,fulfilled,orders_06.csv
5549,87,35,2026-06-13,paid,orders_06.csv
5550,74,80,2026-06-26,paid,orders_06.csv
5551,368,15,2026-06-15,paid,orders_06.csv
5552,113,10,2026-06-06,cancelled,orders_06.csv
5553,192,80,2026-06-28,paid,orders_06.csv
5554,229,10,2026-06-25,fulfilled,orders_06.csv
5555,12,80,2026-06-27,paid,orders_06.csv
5556,174,20,2026-06-15,paid,orders_06.csv
5557,60,80,2026-06-16,paid,orders_06.csv
5558,170,15,2026-06-05,paid,orders_06.csv
5559,366,35,2026-06-06,cancelled,orders_06.csv
5560,75,35,2026-06-29,paid,orders_06.csv
5561,215,35,2026-06-09,paid,orders_06.csv
5562,14,20,2026-06-05,cancelled,orders_06.csv
5563,152,20,2026-06-27,paid,orders_06.csv
5564,252,10,2026-06-09,paid,orders_06.csv
5565,248,10,2026-06-15,paid,orders_06.csv
5566,30,80,2026-06-17,paid,orders_06.csv
5567,245,120,2026-06-18,paid,orders_06.csv
5568,132,120,2026-06-04,paid,orders_06.csv
5569,222,20,2026-06-12,paid,orders_06.csv
5570,122,10,2026-06-30,fulfilled,orders_06.csv
5571,213,15,2026-06-10,paid,orders_06.csv
5572,372,20,2026-06-27,paid,orders_06.csv
5573,9,35,2026-06-21,cancelled,orders_06.csv
5574,262,15,2026-06-11,fulfilled,orders_06.csv
5575,270,20,2026-06-01,paid,orders_06.csv
5576,223,10,2026-06-12,fulfilled,orders_06.csv
5577,142,50,2026-06-07,paid,orders_06.csv
5578,93,50,2026-06-05,paid,orders_06.csv
5579,90,15,2026-06-23,cancelled,orders_06.csv
5580,45,50,2026-06-03,fulfilled,orders_06.csv
5581,141,15,2026-06-25,paid,orders_06.csv
5582,314,80,2026-06-05,paid,orders_06.csv
5583,158,15,2026-06-19,paid,orders_06.csv
5584,355,80,2026-06-03,cancelled,orders_06.csv
5585,370,10,2026-06-14,cancelled,orders_06.csv
5586,178,20,2026-06-26,paid,orders_06.csv
5587,328,120,2026-06-27,fulfilled,orders_06.csv
5588,8,35,2026-06-03,fulfilled,orders_06.csv
5589,341,20,2026-06-05,paid,orders_06.csv
5590,289,120,2026-06-06,paid,orders_06.csv
5591,84,80,2026-06-02,paid,orders_06.csv
5592,305,120,2026-06-19,paid,orders_06.csv
5593,267,35,2026-06-12,cancelled,orders_06.csv
5594,62,20,2026-06-03,paid,orders_06.csv
5595,165,120,2026-06-27,fulfilled,orders_06.csv
5596,385,10,2026-06-19,paid,orders_06.csv
5597,56,80,2026-06-28,fulfilled,orders_06.csv
5598,263,10,2026-06-15,cancelled,orders_06.csv
5599,276,15,2026-06-26,paid,orders_06.csv
5600,46,15,2026-06-08,cancelled,orders_06.csv
5601,86,10,2026-06-06,paid,orders_06.csv
5602,285,120,2026-06-09,paid,orders_06.csv
5603,50,80,2026-06-01,paid,orders_06.csv
5604,10,120,2026-06-09,cancelled,orders_06.csv
5605,296,35,2026-06-21,cancelled,orders_06.csv
5606,360,35,2026-06-08,paid,orders_06.csv
5607,49,80,2026-06-12,paid,orders_06.csv
5608,140,10,2026-06-02,fulfilled,orders_06.csv
5609,300,50,2026-06-16,paid,orders_06.csv
5610,63,10,2026-06-04,fulfilled,orders_06.csv
5611,71,50,2026-06-29,cancelled,orders_06.csv
5612,117,15,2026-06-08,cancelled,orders_06.csv
5613,383,35,2026-06-15,paid,orders_06.csv
5614,10,80,2026-06-27,fulfilled,orders_06.csv
5615,216,50,2026-06-23,cancelled,orders_06.csv
5616,19,35,2026-06-17,paid,orders_06.csv
5617,186,20,2026-06-25,fulfilled,orders_06.csv
5618,172,80,2026-06-08,fulfilled,orders_06.csv
5619,289,120,2026-06-27,paid,orders_06.csv
5620,206,120,2026-06-27,cancelled,orders_06.csv
5621,167,50,2026-06-02,paid,orders_06.csv
5622,181,15,2026-06-22,fulfilled,orders_06.csv
5623,324,10,2026-06-22,paid,orders_06.csv
5624,272,15,2026-06-04,paid,orders_06.csv
5625,222,15,2026-06-11,cancelled,orders_06.csv
5626,11,15,2026-06-22,paid,orders_06.csv
5627,204,120,2026-06-14,fulfilled,orders_06.csv
5628,24,120,2026-06-21,paid,orders_06.csv
5629,329,50,2026-06-02,paid,orders_06.csv
5630,348,50,2026-06-30,paid,orders_06.csv
5631,278,120,2026-06-21,paid,orders_06.csv
5632,52,20,2026-06-20,paid,orders_06.csv
5633,7,35,2026-06-17,paid,orders_06.csv
5634,148,10,2026-06-02,paid,orders_06.csv
5635,332,15,2026-06-12,paid,orders_06.csv
5636,305,50,2026-06-02,paid,orders_06.csv
5637,239,50,2026-06-03,cancelled,orders_06.csv
5638,76,35,2026-06-30,paid,orders_06.csv
5639,68,20,2026-06-17,fulfilled,orders_06.csv
5640,148,20,2026-06-19,paid,orders_06.csv
5641,45,80,2026-06-24,cancelled,orders_06.csv
5642,233,50,2026-06-10,cancelled,orders_06.csv
5643,333,35,2026-06-08,paid,orders_06.csv
5644,364,20,2026-06-18,fulfilled,orders_06.csv
5645,281,20,2026-06-29,cancelled,orders_06.csv
5646,241,120,2026-06-16,paid,orders_06.csv
5647,125,20,2026-06-01,paid,orders_06.csv
5648,263,50,2026-06-07,fulfilled,orders_06.csv
5649,203,10,2026-06-19,paid,orders_06.csv
5650,123,20,2026-06-06,cancelled,orders_06.csv
5651,252,20,2026-06-11,paid,orders_06.csv
5652,111,20,2026-06-29,paid,orders_06.csv
5653,12,15,2026-06-25,cancelled,orders_06.csv
5654,311,120,2026-06-03,paid,orders_06.csv
5655,337,10,2026-06-15,cancelled,orders_06.csv
5656,226,20,2026-06-13,paid,orders_06.csv
5657,116,80,2026-06-17,paid,orders_06.csv
5658,173,80,2026-06-14,paid,orders_06.csv
5659,346,15,2026-06-05,cancelled,orders_06.csv
5660,142,120,2026-06-20,cancelled,orders_06.csv
5661,379,120,2026-06-04,fulfilled,orders_06.csv
5662,323,80,2026-06-09,paid,orders_06.csv
5663,53,10,2026-06-14,fulfilled,orders_06.csv
5664,282,50,2026-06-25,paid,orders_06.csv
5665,204,50,2026-06-16,paid,orders_06.csv
5666,144,120,2026-06-14,cancelled,orders_06.csv
5667,57,35,2026-06-20,fulfilled,orders_06.csv
5668,235,20,2026-06-23,paid,orders_06.csv
5669,181,35,2026-06-10,cancelled,orders_06.csv
5670,305,35,2026-06-18,paid,orders_06.csv
5671,382,120,2026-06-01,fulfilled,orders_06.csv
5672,228,20,2026-06-13,paid,orders_06.csv
5673,156,120,2026-06-18,paid,orders_06.csv
5674,295,35,2026-06-14,cancelled,orders_06.csv
5675,46,120,2026-06-08,paid,orders_06.csv
5676,312,120,2026-06-11,paid,orders_06.csv
5677,105,35,2026-06-11,paid,orders_06.csv
5678,25,20,2026-06-01,cancelled,orders_06.csv
5679,255,20,2026-06-29,cancelled,orders_06.csv
5680,160,50,2026-06-25,cancelled,orders_06.csv
5681,265,120,2026-06-14,cancelled,orders_06.csv
5682,351,35,2026-06-24,fulfilled,orders_06.csv
5683,184,10,2026-06-15,cancelled,orders_06.csv
5684,180,35,2026-06-22,paid,orders_06.csv
5685,35,50,2026-06-22,paid,orders_06.csv
5686,210,20,2026-06-04,cancelled,orders_06.csv
5687,333,50,2026-06-13,cancelled,orders_06.csv
5688,97,35,2026-06-05,fulfilled,orders_06.csv
5689,226,120,2026-06-13,cancelled,orders_06.csv
5690,301,20,2026-06-29,cancelled,orders_06.csv
5691,48,15,2026-06-24,paid,orders_06.csv
5692,188,10,2026-06-11,paid,orders_06.csv
5693,90,10,2026-06-17,paid,orders_06.csv
5694,176,120,2026-06-23,cancelled,orders_06.csv
5695,216,80,2026-06-29,paid,orders_06.csv
5696,149,120,2026-06-17,cancelled,orders_06.csv
5697,259,15,2026-06-07,fulfilled,orders_06.csv
5698,31,80,2026-06-06,cancelled,orders_06.csv
5699,55,20,2026-06-20,cancelled,orders_06.csv
5700,326,80,2026-06-21,paid,orders_06.csv
5701,211,10,2026-06-23,paid,orders_06.csv
5702,364,80,2026-06-10,cancelled,orders_06.csv
5703,156,35,2026-06-01,paid,orders_06.csv
5704,8,80,2026-06-19,paid,orders_06.csv
5705,90,35,2026-06-07,cancelled,orders_06.csv
5706,137,120,2026-06-19,cancelled,orders_06.csv
5707,74,50,2026-06-17,paid,orders_06.csv
5708,309,10,2026-06-14,paid,orders_06.csv
5709,266,120,2026-06-06,cancelled,orders_06.csv
5710,15,10,2026-06-04,paid,orders_06.csv
5711,268,35,2026-06-06,fulfilled,orders_06.csv
5712,221,120,2026-06-20,paid,orders_06.csv
5713,7,80,2026-06-21,cancelled,orders_06.csv
5714,74,80,2026-06-11,paid,orders_06.csv
5715,142,15,2026-06-12,paid,orders_06.csv
5716,322,10,2026-06-09,cancelled,orders_06.csv
5717,179,15,2026-06-03,fulfilled,orders_06.csv
5718,198,10,2026-06-20,paid,orders_06.csv
5719,203,50,2026-06-08,paid,orders_06.csv
5720,28,50,2026-06-15,paid,orders_06.csv
5721,115,10,2026-06-08,paid,orders_06.csv
5722,301,120,2026-06-30,paid,orders_06.csv
5723,4,120,2026-06-11,fulfilled,orders_06.csv
5724,215,50,2026-06-10,paid,orders_06.csv
5725,254,10,2026-06-29,paid,orders_06.csv
5726,200,80,2026-06-22,cancelled,orders_06.csv
5727,212,20,2026-06-08,fulfilled,orders_06.csv
5728,365,35,2026-06-29,paid,orders_06.csv
5729,125,10,2026-06-26,paid,orders_06.csv
5730,184,35,2026-06-06,paid,orders_06.csv
5731,149,35,2026-06-01,cancelled,orders_06.csv
5732,59,20,2026-06-12,cancelled,orders_06.csv
5733,198,20,2026-06-28,fulfilled,orders_06.csv
5734,34,10,2026-06-21,fulfilled,orders_06.csv
5735,180,50,2026-06-27,paid,orders_06.csv
5736,98,35,2026-06-13,paid,orders_06.csv
5737,122,35,2026-06-12,paid,orders_06.csv
5738,341,10,2026-06-09,paid,orders_06.csv
5739,80,15,2026-06-26,paid,orders_06.csv
5740,101,20,2026-06-03,cancelled,orders_06.csv
5741,66,50,2026-06-27,fulfilled,orders_06.csv
5742,123,15,2026-06-15,paid,orders_06.csv
5743,111,80,2026-06-12,fulfilled,orders_06.csv
5744,323,50,2026-06-13,paid,orders_06.csv
5745,244,50,2026-06-10,paid,orders_06.csv
5746,232,80,2026-06-08,paid,orders_06.csv
5747,134,50,2026-06-23,fulfilled,orders_06.csv
5748,189,50,2026-06-19,paid,orders_06.csv
5749,312,50,2026-06-13,paid,orders_06.csv
5750,385,10,2026-06-05,cancelled,orders_06.csv
5751,278,120,2026-06-03,paid,orders_06.csv
5752,396,120,2026-06-24,fulfilled,orders_06.csv
5753,337,80,2026-06-01,cancelled,orders_06.csv
5754,160,10,2026-06-05,fulfilled,orders_06.csv
5755,45,80,2026-06-23,paid,orders_06.csv
5756,119,20,2026-06-25,paid,orders_06.csv
5757,56,10,2026-06-22,cancelled,orders_06.csv
5758,186,120,2026-06-30,cancelled,orders_06.csv
5759,153,15,2026-06-25,paid,orders_06.csv
5760,160,10,2026-06-23,paid,orders_06.csv
5761,65,120,2026-06-10,fulfilled,orders_06.csv
5762,183,35,2026-06-10,fulfilled,orders_06.csv
5763,322,80,2026-06-25,paid,orders_06.csv
5764,142,15,2026-06-30,paid,orders_06.csv
5765,348,120,2026-06-12,paid,orders_06.csv
5766,212,10,2026-06-29,fulfilled,orders_06.csv
5767,206,20,2026-06-08,paid,orders_06.csv
5768,150,10,2026-06-06,paid,orders_06.csv
5769,312,80,2026-06-30,paid,orders_06.csv
5770,347,10,2026-06-23,fulfilled,orders_06.csv
5771,312,15,2026-06-02,fulfilled,orders_06.csv
5772,388,20,2026-06-07,paid,orders_06.csv
5773,379,10,2026-06-13,cancelled,orders_06.csv
5774,323,80,2026-06-10,paid,orders_06.csv
5775,117,50,2026-06-19,fulfilled,orders_06.csv
5776,267,20,2026-06-23,fulfilled,orders_06.csv
5777,351,50,2026-06-22,paid,orders_06.csv
5778,1,10,2026-06-30,paid,orders_06.csv
5779,22,120,2026-06-29,cancelled,orders_06.csv
5780,357,10,2026-06-20,paid,orders_06.csv
5781,57,10,2026-06-22,paid,orders_06.csv
5782,398,20,2026-06-07,paid,orders_06.csv
5783,356,80,2026-06-14,fulfilled,orders_06.csv
5784,316,120,2026-06-24,paid,orders_06.csv
5785,270,10,2026-06-09,paid,orders_06.csv
5786,227,20,2026-06-14,cancelled,orders_06.csv
5787,353,120,2026-06-24,fulfilled,orders_06.csv
5788,28,80,2026-06-17,paid,orders_06.csv
5789,345,50,2026-06-14,paid,orders_06.csv
5790,391,15,2026-06-16,paid,orders_06.csv
5791,287,20,2026-06-23,paid,orders_06.csv
5792,84,120,2026-06-18,paid,orders_06.csv
5793,134,15,2026-06-18,paid,orders_06.csv
5794,184,20,2026-06-06,fulfilled,orders_06.csv
5795,104,80,2026-06-03,paid,orders_06.csv
5796,70,80,2026-06-05,fulfilled,orders_06.csv
5797,248,15,2026-06-22,paid,orders_06.csv
5798,264,80,2026-06-01,fulfilled,orders_06.csv
5799,329,20,2026-06-05,paid,orders_06.csv
5800,363,15,2026-06-05,cancelled,orders_06.csv
5801,124,20,2026-06-19,paid,orders_06.csv
5802,218,120,2026-06-18,paid,orders_06.csv
5803,342,15,2026-06-22,cancelled,orders_06.csv
5804,393,35,2026-06-15,paid,orders_06.csv
5805,354,20,2026-06-04,paid,orders_06.csv
5806,250,15,2026-06-12,paid,orders_06.csv
5807,144,20,2026-06-02,paid,orders_06.csv
5808,360,20,2026-06-04,fulfilled,orders_06.csv
5809,83,20,2026-06-04,fulfilled,orders_06.csv
5810,292,20,2026-06-15,paid,orders_06.csv
5811,286,10,2026-06-06,paid,orders_06.csv
5812,240,120,2026-06-01,fulfilled,orders_06.csv
5813,383,80,2026-06-03,paid,orders_06.csv
5814,289,20,2026-06-24,paid,orders_06.csv
5815,251,35,2026-06-21,fulfilled,orders_06.csv
5816,279,20,2026-06-07,paid,orders_06.csv
5817,47,80,2026-06-12,paid,orders_06.csv
5818,315,80,2026-06-21,paid,orders_06.csv
5819,126,10,2026-06-21,paid,orders_06.csv
5820,15,10,2026-06-24,fulfilled,orders_06.csv
5821,75,20,2026-06-27,paid,orders_06.csv
5822,327,50,2026-06-06,paid,orders_06.csv
5823,369,120,2026-06-04,paid,orders_06.csv
5824,316,20,2026-06-24,fulfilled,orders_06.csv
5825,332,120,2026-06-06,paid,orders_06.csv
5826,118,20,2026-06-11,paid,orders_06.csv
5827,190,120,2026-06-18,paid,orders_06.csv
5828,30,10,2026-06-08,paid,orders_06.csv
5829,322,120,2026-06-19,fulfilled,orders_06.csv
5830,26,15,2026-06-29,fulfilled,orders_06.csv
5831,256,80,2026-06-14,paid,orders_06.csv
5832,309,50,2026-06-10,paid,orders_06.csv
5833,353,15,2026-06-05,paid,orders_06.csv
5834,227,80,2026-06-05,fulfilled,orders_06.csv
5835,21,120,2026-06-03,fulfilled,orders_06.csv
5836,98,15,2026-06-16,paid,orders_06.csv
5837,17,120,2026-06-01,cancelled,orders_06.csv
5838,262,35,2026-06-28,paid,orders_06.csv
5839,37,80,2026-06-10,paid,orders_06.csv
5840,364,35,2026-06-17,paid,orders_06.csv
5841,225,10,2026-06-03,paid,orders_06.csv
5842,372,15,2026-06-29,fulfilled,orders_06.csv
5843,3,35,2026-06-10,cancelled,orders_06.csv
5844,179,50,2026-06-22,paid,orders_06.csv
5845,44,50,2026-06-16,paid,orders_06.csv
5846,236,35,2026-06-17,cancelled,orders_06.csv
5847,321,120,2026-06-30,paid,orders_06.csv
5848,312,50,2026-06-13,paid,orders_06.csv
5849,31,80,2026-06-26,paid,orders_06.csv
5850,338,20,2026-06-20,cancelled,orders_06.csv
5851,216,20,2026-06-19,fulfilled,orders_06.csv
5852,332,15,2026-06-22,paid,orders_06.csv
5853,176,50,2026-06-28,paid,orders_06.csv
5854,97,15,2026-06-28,fulfilled,orders_06.csv
5855,44,15,2026-06-23,cancelled,orders_06.csv
5856,285,50,2026-06-12,fulfilled,orders_06.csv
5857,272,15,2026-06-12,cancelled,orders_06.csv
5858,203,20,2026-06-15,paid,orders_06.csv
5859,93,15,2026-06-08,cancelled,orders_06.csv
5860,58,15,2026-06-24,paid,orders_06.csv
5861,49,15,2026-06-21,cancelled,orders_06.csv
5862,129,80,2026-06-22,fulfilled,orders_06.csv
5863,284,35,2026-06-08,paid,orders_06.csv
5864,294,80,2026-06-18,paid,orders_06.csv
5865,263,50,2026-06-24,cancelled,orders_06.csv
5866,209,80,2026-06-03,paid,orders_06.csv
5867,226,15,2026-06-26,cancelled,orders_06.csv
5868,260,80,2026-06-18,paid,orders_06.csv
5869,370,50,2026-06-21,paid,orders_06.csv
5870,352,35,2026-06-15,cancelled,orders_06.csv
5871,99,50,2026-06-06,fulfilled,orders_06.csv
5872,48,15,2026-06-25,paid,orders_06.csv
5873,317,10,2026-06-25,fulfilled,orders_06.csv
5874,25,20,2026-06-08,paid,orders_06.csv
5875,360,50,2026-06-01,paid,orders_06.csv
5876,154,10,2026-06-15,paid,orders_06.csv
5877,45,50,2026-06-14,paid,orders_06.csv
5878,59,80,2026-06-19,paid,orders_06.csv
5879,188,80,2026-06-06,paid,orders_06.csv
5880,391,80,2026-06-26,paid,orders_06.csv
5881,131,10,2026-06-27,paid,orders_06.csv
5882,263,80,2026-06-12,cancelled,orders_06.csv
5883,370,35,2026-06-12,paid,orders_06.csv
5884,310,20,2026-06-27,paid,orders_06.csv
5885,282,20,2026-06-12,cancelled,orders_06.csv
5886,18,80,2026-06-04,paid,orders_06.csv
5887,182,15,2026-06-09,fulfilled,orders_06.csv
5888,298,35,2026-06-01,paid,orders_06.csv
5889,11,35,2026-06-26,paid,orders_06.csv
5890,133,15,2026-06-03,paid,orders_06.csv
5891,149,120,2026-06-18,fulfilled,orders_06.csv
5892,74,50,2026-06-27,paid,orders_06.csv
5893,354,120,2026-06-18,paid,orders_06.csv
5894,8,10,2026-06-15,paid,orders_06.csv
5895,250,50,2026-06-05,fulfilled,orders_06.csv
5896,17,120,2026-06-28,paid,orders_06.csv
5897,94,50,2026-06-03,cancelled,orders_06.csv
5898,244,15,2026-06-13,fulfilled,orders_06.csv
5899,118,120,2026-06-13,cancelled,orders_06.csv
5900,39,20,2026-06-17,paid,orders_06.csv
5901,111,20,2026-06-17,paid,orders_06.csv
5902,320,10,2026-06-19,paid,orders_06.csv
5903,185,80,2026-06-06,fulfilled,orders_06.csv
5904,296,35,2026-06-11,fulfilled,orders_06.csv
5905,182,20,2026-06-30,paid,orders_06.csv
5906,297,35,2026-06-11,paid,orders_06.csv
5907,11,15,2026-06-08,fulfilled,orders_06.csv
5908,312,10,2026-06-29,paid,orders_06.csv
5909,344,15,2026-06-24,paid,orders_06.csv
5910,140,10,2026-06-13,cancelled,orders_06.csv
5911,183,50,2026-06-09,cancelled,orders_06.csv
5912,300,15,2026-06-17,paid,orders_06.csv
5913,288,120,2026-06-30,paid,orders_06.csv
5914,103,120,2026-06-28,fulfilled,orders_06.csv
5915,293,80,2026-06-21,paid,orders_06.csv
5916,145,120,2026-06-12,paid,orders_06.csv
5917,73,80,2026-06-28,paid,orders_06.csv
5918,391,20,2026-06-10,paid,orders_06.csv
5919,326,15,2026-06-17,paid,orders_06.csv
5920,282,80,2026-06-28,fulfilled,orders_06.csv
5921,31,80,2026-06-11,paid,orders_06.csv
5922,166,120,2026-06-22,fulfilled,orders_06.csv
5923,189,15,2026-06-17,paid,orders_06.csv
5924,78,15,2026-06-12,paid,orders_06.csv
5925,344,35,2026-06-01,fulfilled,orders_06.csv
5926,203,50,2026-06-15,paid,orders_06.csv
5927,87,50,2026-06-30,paid,orders_06.csv
5928,155,80,2026-06-05,paid,orders_06.csv
5929,373,50,2026-06-09,cancelled,orders_06.csv
5930,175,10,2026-06-22,paid,orders_06.csv
5931,41,50,2026-06-19,paid,orders_06.csv
5932,298,20,2026-06-10,fulfilled,orders_06.csv
5933,397,80,2026-06-12,fulfilled,orders_06.csv
5934,35,120,2026-06-24,fulfilled,orders_06.csv
5935,90,20,2026-06-11,paid,orders_06.csv
5936,12,120,2026-06-18,paid,orders_06.csv
5937,138,15,2026-06-21,paid,orders_06.csv
5938,25,35,2026-06-07,fulfilled,orders_06.csv
5939,309,20,2026-06-07,cancelled,orders_06.csv
5940,51,15,2026-06-21,paid,orders_06.csv
5941,30,15,2026-06-24,cancelled,orders_06.csv
5942,41,10,2026-06-02,cancelled,orders_06.csv
5943,369,15,2026-06-11,paid,orders_06.csv
5944,139,50,2026-06-07,paid,orders_06.csv
5945,166,10,2026-06-21,paid,orders_06.csv
5946,168,120,2026-06-11,paid,orders_06.csv
5947,249,35,2026-06-21,cancelled,orders_06.csv
5948,173,15,2026-06-22,paid,orders_06.csv
5949,213,120,2026-06-28,paid,orders_06.csv
5950,321,50,2026-06-03,paid,orders_06.csv
5951,254,50,2026-06-25,fulfilled,orders_06.csv
5952,238,120,2026-06-09,paid,orders_06.csv
5953,163,50,2026-06-01,paid,orders_06.csv
5954,213,50,2026-06-02,paid,orders_06.csv
5955,48,10,2026-06-06,paid,orders_06.csv
5956,74,50,2026-06-07,paid,orders_06.csv
5957,186,35,2026-06-12,paid,orders_06.csv
5958,349,50,2026-06-18,cancelled,orders_06.csv
5959,337,50,2026-06-05,cancelled,orders_06.csv
5960,118,80,2026-06-11,cancelled,orders_06.csv
5961,365,35,2026-06-09,paid,orders_06.csv
5962,332,20,2026-06-25,cancelled,orders_06.csv
5963,233,50,2026-06-23,paid,orders_06.csv
5964,268,50,2026-06-12,paid,orders_06.csv
5965,130,10,2026-06-05,cancelled,orders_06.csv
5966,52,80,2026-06-16,paid,orders_06.csv
5967,322,15,2026-06-05,fulfilled,orders_06.csv
5968,47,10,2026-06-25,cancelled,orders_06.csv
5969,63,10,2026-06-05,cancelled,orders_06.csv
5970,105,50,2026-06-17,paid,orders_06.csv
5971,311,20,2026-06-09,paid,orders_06.csv
5972,91,120,2026-06-29,paid,orders_06.csv
5973,15,20,2026-06-17,paid,orders_06.csv
5974,256,15,2026-06-15,paid,orders_06.csv
5975,200,35,2026-06-29,paid,orders_06.csv
5976,14,10,2026-06-11,paid,orders_06.csv
5977,331,35,2026-06-03,paid,orders_06.csv
5978,117,50,2026-06-02,fulfilled,orders_06.csv
5979,193,80,2026-06-14,paid,orders_06.csv
5980,129,10,2026-06-01,paid,orders_06.csv
5981,223,15,2026-06-23,paid,orders_06.csv
5982,105,20,2026-06-12,fulfilled,orders_06.csv
5983,143,20,2026-06-21,fulfilled,orders_06.csv
5984,292,120,2026-06-07,paid,orders_06.csv
5985,394,20,2026-06-16,paid,orders_06.csv
5986,154,20,2026-06-27,paid,orders_06.csv
5987,3,35,2026-06-11,paid,orders_06.csv
5988,164,80,2026-06-06,cancelled,orders_06.csv
5989,232,15,2026-06-20,cancelled,orders_06.csv
5990,108,120,2026-06-02,paid,orders_06.csv
5991,400,120,2026-06-02,fulfilled,orders_06.csv
5992,223,120,2026-06-06,paid,orders_06.csv
5993,153,80,2026-06-30,paid,orders_06.csv
5994,58,15,2026-06-26,paid,orders_06.csv
5995,155,15,2026-06-05,cancelled,orders_06.csv
5996,181,10,2026-06-24,paid,orders_06.csv
5997,350,35,2026-06-15,paid,orders_06.csv
5998,174,80,2026-06-14,fulfilled,orders_06.csv
5999,172,10,2026-06-29,cancelled,orders_06.csv
6000,104,120,2026-06-08,paid,orders_06.csv
6001,70,50,2026-06-02,cancelled,orders_06.csv
6002,295,35,2026-06-08,paid,orders_06.csv
6003,11,10,2026-06-24,paid,orders_06.csv
6004,57,10,2026-06-03,fulfilled,orders_06.csv
6005,270,35,2026-06-05,paid,orders_06.csv
6006,115,80,2026-06-06,cancelled,orders_06.csv
6007,325,80,2026-06-05,cancelled,orders_06.csv
6008,58,50,2026-06-17,paid,orders_06.csv
6009,255,10,2026-06-27,paid,orders_06.csv
6010,115,80,2026-06-07,paid,orders_06.csv
6011,361,15,2026-06-09,paid,orders_06.csv
6012,138,10,2026-06-09,paid,orders_06.csv
6013,261,10,2026-06-07,fulfilled,orders_06.csv
6014,285,20,2026-06-26,paid,orders_06.csv
6015,167,80,2026-06-01,paid,orders_06.csv
6016,233,50,2026-06-21,paid,orders_06.csv
6017,170,80,2026-06-18,fulfilled,orders_06.csv
6018,382,80,2026-06-28,paid,orders_06.csv
6019,217,20,2026-06-13,cancelled,orders_06.csv
6020,197,15,2026-06-14,fulfilled,orders_06.csv
6021,198,35,2026-06-25,paid,orders_06.csv
6022,326,10,2026-06-29,paid,orders_06.csv
6023,257,20,2026-06-20,cancelled,orders_06.csv
6024,194,15,2026-06-24,paid,orders_06.csv
6025,60,10,2026-06-22,cancelled,orders_06.csv
6026,18,80,2026-06-26,paid,orders_06.csv
6027,356,50,2026-06-13,paid,orders_06.csv
6028,331,35,2026-06-22,cancelled,orders_06.csv
6029,162,35,2026-06-22,cancelled,orders_06.csv
6030,243,80,2026-06-01,fulfilled,orders_06.csv
6031,176,50,2026-06-17,cancelled,orders_06.csv
6032,121,120,2026-06-13,fulfilled,orders_06.csv
6033,365,10,2026-06-12,fulfilled,orders_06.csv
6034,137,50,2026-06-17,paid,orders_06.csv
6035,322,120,2026-06-03,cancelled,orders_06.csv
6036,115,50,2026-06-22,paid,orders_06.csv
6037,243,120,2026-06-09,paid,orders_06.csv
6038,302,35,2026-06-17,cancelled,orders_06.csv
6039,73,10,2026-06-08,cancelled,orders_06.csv
6040,269,15,2026-06-12,cancelled,orders_06.csv
6041,188,15,2026-06-06,paid,orders_06.csv
6042,339,35,2026-06-05,paid,orders_06.csv
6043,334,120,2026-06-21,paid,orders_06.csv
6044,196,20,2026-06-11,fulfilled,orders_06.csv
6045,210,15,2026-06-04,paid,orders_06.csv
6046,53,20,2026-06-13,paid,orders_06.csv
6047,268,50,2026-06-22,paid,orders_06.csv
6048,340,10,2026-06-15,paid,orders_06.csv
6049,149,35,2026-06-13,paid,orders_06.csv
6050,325,35,2026-06-15,paid,orders_06.csv
6051,265,15,2026-06-25,paid,orders_06.csv
6052,67,20,2026-06-22,fulfilled,orders_06.csv
6053,339,15,2026-06-17,cancelled,orders_06.csv
6054,268,20,2026-06-12,fulfilled,orders_06.csv
6055,10,50,2026-06-09,paid,orders_06.csv
6056,293,20,2026-06-01,paid,orders_06.csv
6057,92,20,2026-06-19,cancelled,orders_06.csv
6058,166,20,2026-06-09,paid,orders_06.csv
6059,225,10,2026-06-09,cancelled,orders_06.csv
6060,253,120,2026-06-21,paid,orders_06.csv
6061,66,35,2026-06-07,paid,orders_06.csv
6062,400,20,2026-06-20,paid,orders_06.csv
6063,227,35,2026-06-23,paid,orders_06.csv
6064,365,120,2026-06-02,paid,orders_06.csv
6065,221,80,2026-06-14,cancelled,orders_06.csv
6066,132,20,2026-06-26,paid,orders_06.csv
6067,297,15,2026-06-13,cancelled,orders_06.csv
6068,365,50,2026-06-07,paid,orders_06.csv
6069,341,15,2026-06-03,paid,orders_06.csv
6070,37,10,2026-06-28,fulfilled,orders_06.csv
6071,202,50,2026-06-13,fulfilled,orders_06.csv
6072,330,120,2026-06-16,paid,orders_06.csv
6073,304,50,2026-06-04,fulfilled,orders_06.csv
6074,237,80,2026-06-30,fulfilled,orders_06.csv
6075,243,15,2026-06-14,paid,orders_06.csv
6076,204,35,2026-06-15,paid,orders_06.csv
6077,386,120,2026-06-17,paid,orders_06.csv
6078,119,80,2026-06-22,paid,orders_06.csv
6079,278,10,2026-06-13,paid,orders_06.csv
6080,170,120,2026-06-18,fulfilled,orders_06.csv
6081,236,10,2026-06-25,paid,orders_06.csv
6082,40,50,2026-06-08,paid,orders_06.csv
6083,255,10,2026-06-04,paid,orders_06.csv
6084,233,10,2026-06-19,paid,orders_06.csv
6085,172,35,2026-06-23,paid,orders_06.csv
6086,354,80,2026-06-18,fulfilled,orders_06.csv
6087,299,15,2026-06-27,fulfilled,orders_06.csv
6088,26,120,2026-06-27,paid,orders_06.csv
6089,172,15,2026-06-11,cancelled,orders_06.csv
6090,96,50,2026-06-01,paid,orders_06.csv
6091,135,10,2026-06-17,paid,orders_06.csv
6092,131,80,2026-06-13,paid,orders_06.csv
6093,203,50,2026-06-18,fulfilled,orders_06.csv
6094,27,20,2026-06-22,paid,orders_06.csv
6095,195,120,2026-06-08,fulfilled,orders_06.csv
6096,277,20,2026-06-28,paid,orders_06.csv
6097,68,10,2026-06-07,paid,orders_06.csv
6098,334,20,2026-06-18,fulfilled,orders_06.csv
6099,251,80,2026-06-22,cancelled,orders_06.csv
6100,188,120,2026-06-05,paid,orders_06.csv
6101,234,80,2026-06-07,cancelled,orders_06.csv
6102,27,80,2026-06-22,paid,orders_06.csv
6103,273,10,2026-06-01,fulfilled,orders_06.csv
6104,166,10,2026-06-19,paid,orders_06.csv
6105,225,20,2026-06-08,paid,orders_06.csv
6106,108,120,2026-06-23,cancelled,orders_06.csv
6107,233,35,2026-06-20,fulfilled,orders_06.csv
6108,105,10,2026-06-07,paid,orders_06.csv
6109,328,10,2026-06-14,paid,orders_06.csv
6110,37,120,2026-06-05,cancelled,orders_06.csv
6111,93,10,2026-06-16,cancelled,orders_06.csv
6112,85,35,2026-06-24,paid,orders_06.csv
6113,369,80,2026-06-22,paid,orders_06.csv
6114,109,50,2026-06-26,paid,orders_06.csv
6115,399,80,2026-06-05,paid,orders_06.csv
6116,52,35,2026-06-17,paid,orders_06.csv
6117,47,10,2026-06-07,fulfilled,orders_06.csv
6118,338,120,2026-06-08,paid,orders_06.csv
6119,227,80,2026-06-23,fulfilled,orders_06.csv
6120,30,80,2026-06-05,paid,orders_06.csv
6121,82,120,2026-06-02,fulfilled,orders_06.csv
6122,389,15,2026-06-10,cancelled,orders_06.csv
6123,164,80,2026-06-26,cancelled,orders_06.csv
6124,79,20,2026-06-24,paid,orders_06.csv
6125,281,120,2026-06-11,paid,orders_06.csv
6126,341,15,2026-06-05,fulfilled,orders_06.csv
6127,168,35,2026-06-02,paid,orders_06.csv
6128,150,15,2026-06-21,cancelled,orders_06.csv
6129,48,15,2026-06-23,fulfilled,orders_06.csv
6130,373,15,2026-06-05,fulfilled,orders_06.csv
6131,348,35,2026-06-11,paid,orders_06.csv
6132,181,10,2026-06-02,paid,orders_06.csv
6133,269,50,2026-06-21,paid,orders_06.csv
6134,251,20,2026-06-10,paid,orders_06.csv
6135,255,10,2026-06-25,paid,orders_06.csv
6136,144,120,2026-06-16,paid,orders_06.csv
6137,299,50,2026-06-20,paid,orders_06.csv
6138,72,35,2026-06-07,paid,orders_06.csv
6139,392,120,2026-06-25,paid,orders_06.csv
6140,154,10,2026-06-19,cancelled,orders_06.csv
6141,52,10,2026-06-20,paid,orders_06.csv
6142,78,80,2026-06-07,paid,orders_06.csv
6143,89,20,2026-06-02,paid,orders_06.csv
6144,247,15,2026-06-15,paid,orders_06.csv
6145,187,15,2026-06-24,paid,orders_06.csv
6146,153,120,2026-06-26,paid,orders_06.csv
6147,287,35,2026-06-24,paid,orders_06.csv
6148,283,10,2026-06-24,paid,orders_06.csv
6149,202,35,2026-06-20,paid,orders_06.csv
6150,21,50,2026-06-02,cancelled,orders_06.csv
6151,212,80,2026-06-04,paid,orders_06.csv
6152,296,120,2026-06-14,paid,orders_06.csv
6153,192,80,2026-06-03,paid,orders_06.csv
6154,87,80,2026-06-12,paid,orders_06.csv
6155,3,120,2026-06-11,fulfilled,orders_06.csv
6156,77,20,2026-06-10,paid,orders_06.csv
6157,123,10,2026-06-04,paid,orders_06.csv
6158,139,50,2026-06-16,cancelled,orders_06.csv
6159,167,35,2026-06-04,paid,orders_06.csv
6160,292,50,2026-06-06,paid,orders_06.csv
6161,132,20,2026-06-17,paid,orders_06.csv
6162,207,50,2026-06-10,paid,orders_06.csv
6163,123,80,2026-06-05,cancelled,orders_06.csv
6164,123,10,2026-06-17,paid,orders_06.csv
6165,28,35,2026-06-04,cancelled,orders_06.csv
6166,353,80,2026-06-07,paid,orders_06.csv
6167,385,15,2026-06-03,paid,orders_06.csv
6168,136,10,2026-06-27,fulfilled,orders_06.csv
6169,320,50,2026-06-13,paid,orders_06.csv
6170,292,10,2026-06-10,paid,orders_06.csv
6171,297,15,2026-06-22,paid,orders_06.csv
6172,305,120,2026-06-08,cancelled,orders_06.csv
6173,32,120,2026-06-23,paid,orders_06.csv
6174,307,20,2026-06-03,paid,orders_06.csv
6175,111,50,2026-06-02,paid,orders_06.csv
6176,156,20,2026-06-27,paid,orders_06.csv
6177,389,35,2026-06-26,cancelled,orders_06.csv
6178,94,10,2026-06-30,paid,orders_06.csv
6179,211,120,2026-06-30,fulfilled,orders_06.csv
6180,46,120,2026-06-02,paid,orders_06.csv
6181,376,50,2026-06-05,paid,orders_06.csv
6182,177,120,2026-06-05,paid,orders_06.csv
6183,102,15,2026-06-07,paid,orders_06.csv
6184,35,10,2026-06-23,fulfilled,orders_06.csv
6185,255,50,2026-06-02,paid,orders_06.csv
6186,36,120,2026-06-30,cancelled,orders_06.csv
6187,33,15,2026-06-21,paid,orders_06.csv
6188,188,120,2026-06-28,fulfilled,orders_06.csv
6189,334,80,2026-06-03,paid,orders_06.csv
6190,84,120,2026-06-19,fulfilled,orders_06.csv
6191,396,80,2026-06-22,fulfilled,orders_06.csv
6192,133,120,2026-06-05,paid,orders_06.csv
6193,28,80,2026-06-29,fulfilled,orders_06.csv
6194,349,50,2026-06-27,paid,orders_06.csv
6195,198,120,2026-06-14,cancelled,orders_06.csv
6196,383,50,2026-06-10,cancelled,orders_06.csv
6197,324,10,2026-06-21,paid,orders_06.csv
6198,130,120,2026-06-26,paid,orders_06.csv
6199,102,50,2026-06-08,fulfilled,orders_06.csv
6200,122,35,2026-06-18,cancelled,orders_06.csv
6201,351,80,2026-06-30,paid,orders_06.csv
6202,340,120,2026-06-13,fulfilled,orders_06.csv
6203,321,80,2026-06-26,paid,orders_06.csv
6204,195,35,2026-06-27,paid,orders_06.csv
6205,335,80,2026-06-08,paid,orders_06.csv
6206,305,120,2026-06-22,fulfilled,orders_06.csv
6207,157,10,2026-06-26,paid,orders_06.csv
6208,310,10,2026-06-16,paid,orders_06.csv
6209,244,35,2026-06-29,fulfilled,orders_06.csv
6210,154,35,2026-06-20,paid,orders_06.csv
6211,280,15,2026-06-11,paid,orders_06.csv
6212,202,120,2026-06-12,fulfilled,orders_06.csv
6213,17,20,2026-06-20,paid,orders_06.csv
6214,139,15,2026-06-03,fulfilled,orders_06.csv
6215,339,50,2026-06-14,paid,orders_06.csv
6216,111,80,2026-06-04,paid,orders_06.csv
6217,95,35,2026-06-13,paid,orders_06.csv
6218,78,20,2026-06-11,paid,orders_06.csv
6219,180,120,2026-06-08,cancelled,orders_06.csv
6220,256,20,2026-07-10,cancelled,orders_07.csv
6221,311,15,2026-07-26,paid,orders_07.csv
6222,270,10,2026-07-13,paid,orders_07.csv
6223,90,10,2026-07-28,paid,orders_07.csv
6224,290,120,2026-07-15,paid,orders_07.csv
6225,181,80,2026-07-24,paid,orders_07.csv
6226,377,120,2026-07-18,cancelled,orders_07.csv
6227,193,15,2026-07-22,paid,orders_07.csv
6228,214,10,2026-07-22,cancelled,orders_07.csv
6229,170,35,2026-07-20,paid,orders_07.csv
6230,152,20,2026-07-31,paid,orders_07.csv
6231,364,80,2026-07-22,fulfilled,orders_07.csv
6232,268,120,2026-07-31,paid,orders_07.csv
6233,336,35,2026-07-30,fulfilled,orders_07.csv
6234,355,10,2026-07-12,paid,orders_07.csv
6235,350,10,2026-07-29,cancelled,orders_07.csv
6236,230,20,2026-07-13,cancelled,orders_07.csv
6237,78,80,2026-07-29,cancelled,orders_07.csv
6238,235,10,2026-07-24,paid,orders_07.csv
6239,71,10,2026-07-16,paid,orders_07.csv
6240,97,50,2026-07-05,cancelled,orders_07.csv
6241,24,35,2026-07-17,paid,orders_07.csv
6242,302,80,2026-07-24,paid,orders_07.csv
6243,391,15,2026-07-21,paid,orders_07.csv
6244,279,10,2026-07-25,fulfilled,orders_07.csv
6245,209,80,2026-07-18,paid,orders_07.csv
6246,347,80,2026-07-26,fulfilled,orders_07.csv
6247,364,20,2026-07-16,paid,orders_07.csv
6248,83,120,2026-07-11,cancelled,orders_07.csv
6249,25,120,2026-07-16,cancelled,orders_07.csv
6250,72,15,2026-07-12,cancelled,orders_07.csv
6251,32,15,2026-07-26,paid,orders_07.csv
6252,267,15,2026-07-24,paid,orders_07.csv
6253,28,50,2026-07-30,paid,orders_07.csv
6254,398,20,2026-07-13,paid,orders_07.csv
6255,159,35,2026-07-09,paid,orders_07.csv
6256,165,35,2026-07-20,fulfilled,orders_07.csv
6257,349,20,2026-07-04,paid,orders_07.csv
6258,164,35,2026-07-13,fulfilled,orders_07.csv
6259,58,15,2026-07-09,cancelled,orders_07.csv
6260,257,120,2026-07-15,fulfilled,orders_07.csv
6261,82,120,2026-07-21,paid,orders_07.csv
6262,78,20,2026-07-02,cancelled,orders_07.csv
6263,339,50,2026-07-16,fulfilled,orders_07.csv
6264,40,20,2026-07-25,fulfilled,orders_07.csv
6265,368,35,2026-07-12,cancelled,orders_07.csv
6266,148,120,2026-07-26,paid,orders_07.csv
6267,231,120,2026-07-09,paid,orders_07.csv
6268,273,120,2026-07-02,cancelled,orders_07.csv
6269,182,50,2026-07-10,paid,orders_07.csv
6270,125,10,2026-07-09,cancelled,orders_07.csv
6271,386,50,2026-07-04,fulfilled,orders_07.csv
6272,365,10,2026-07-27,paid,orders_07.csv
6273,331,15,2026-07-06,paid,orders_07.csv
6274,207,35,2026-07-25,paid,orders_07.csv
6275,201,35,2026-07-13,paid,orders_07.csv
6276,96,80,2026-07-12,paid,orders_07.csv
6277,377,50,2026-07-18,fulfilled,orders_07.csv
6278,148,15,2026-07-22,paid,orders_07.csv
6279,350,10,2026-07-11,fulfilled,orders_07.csv
6280,258,10,2026-07-03,cancelled,orders_07.csv
6281,121,50,2026-07-22,fulfilled,orders_07.csv
6282,110,50,2026-07-13,paid,orders_07.csv
6283,348,120,2026-07-26,paid,orders_07.csv
6284,114,80,2026-07-05,paid,orders_07.csv
6285,64,20,2026-07-17,paid,orders_07.csv
6286,333,35,2026-07-24,paid,orders_07.csv
6287,332,80,2026-07-05,fulfilled,orders_07.csv
6288,141,80,2026-07-20,paid,orders_07.csv
6289,309,50,2026-07-25,cancelled,orders_07.csv
6290,312,15,2026-07-09,paid,orders_07.csv
6291,49,20,2026-07-10,cancelled,orders_07.csv
6292,41,20,2026-07-29,paid,orders_07.csv
6293,265,10,2026-07-23,paid,orders_07.csv
6294,167,15,2026-07-27,paid,orders_07.csv
6295,323,120,2026-07-15,paid,orders_07.csv
6296,141,50,2026-07-15,paid,orders_07.csv
6297,303,50,2026-07-15,cancelled,orders_07.csv
6298,17,10,2026-07-26,cancelled,orders_07.csv
6299,240,10,2026-07-27,fulfilled,orders_07.csv
6300,151,80,2026-07-08,paid,orders_07.csv
6301,170,50,2026-07-31,cancelled,orders_07.csv
6302,112,50,2026-07-08,paid,orders_07.csv
6303,296,50,2026-07-10,paid,orders_07.csv
6304,399,15,2026-07-08,paid,orders_07.csv
6305,259,20,2026-07-26,fulfilled,orders_07.csv
6306,33,80,2026-07-12,paid,orders_07.csv
6307,46,50,2026-07-24,paid,orders_07.csv
6308,200,50,2026-07-13,cancelled,orders_07.csv
6309,116,80,2026-07-14,paid,orders_07.csv
6310,191,50,2026-07-26,paid,orders_07.csv
6311,129,10,2026-07-22,fulfilled,orders_07.csv
6312,69,35,2026-07-19,fulfilled,orders_07.csv
6313,363,50,2026-07-22,fulfilled,orders_07.csv
6314,175,50,2026-07-07,paid,orders_07.csv
6315,207,15,2026-07-04,paid,orders_07.csv
6316,100,10,2026-07-25,cancelled,orders_07.csv
6317,225,120,2026-07-01,paid,orders_07.csv
6318,361,80,2026-07-26,paid,orders_07.csv
6319,136,15,2026-07-25,cancelled,orders_07.csv
6320,360,120,2026-07-25,paid,orders_07.csv
6321,12,80,2026-07-24,cancelled,orders_07.csv
6322,9,10,2026-07-24,paid,orders_07.csv
6323,214,10,2026-07-07,cancelled,orders_07.csv
6324,286,20,2026-07-09,paid,orders_07.csv
6325,324,20,2026-07-19,paid,orders_07.csv
6326,54,10,2026-07-10,paid,orders_07.csv
6327,182,35,2026-07-23,paid,orders_07.csv
6328,366,35,2026-07-26,paid,orders_07.csv
6329,55,120,2026-07-11,paid,orders_07.csv
6330,399,35,2026-07-12,fulfilled,orders_07.csv
6331,173,120,2026-07-03,paid,orders_07.csv
6332,66,120,2026-07-16,paid,orders_07.csv
6333,289,20,2026-07-17,cancelled,orders_07.csv
6334,108,20,2026-07-13,paid,orders_07.csv
6335,11,15,2026-07-22,paid,orders_07.csv
6336,266,35,2026-07-31,fulfilled,orders_07.csv
6337,224,15,2026-07-06,paid,orders_07.csv
6338,57,15,2026-07-01,cancelled,orders_07.csv
6339,195,10,2026-07-18,paid,orders_07.csv
6340,45,35,2026-07-27,paid,orders_07.csv
6341,294,50,2026-07-07,paid,orders_07.csv
6342,166,20,2026-07-28,cancelled,orders_07.csv
6343,237,35,2026-07-18,paid,orders_07.csv
6344,125,15,2026-07-01,paid,orders_07.csv
6345,54,10,2026-07-13,cancelled,orders_07.csv
6346,65,15,2026-07-29,fulfilled,orders_07.csv
6347,293,50,2026-07-15,fulfilled,orders_07.csv
6348,35,50,2026-07-25,paid,orders_07.csv
6349,241,15,2026-07-28,fulfilled,orders_07.csv
6350,345,120,2026-07-21,paid,orders_07.csv
6351,333,35,2026-07-23,fulfilled,orders_07.csv
6352,73,10,2026-07-20,fulfilled,orders_07.csv
6353,196,10,2026-07-20,paid,orders_07.csv
6354,118,10,2026-07-26,fulfilled,orders_07.csv
6355,382,120,2026-07-19,paid,orders_07.csv
6356,379,80,2026-07-21,paid,orders_07.csv
6357,49,15,2026-07-08,paid,orders_07.csv
6358,239,10,2026-07-02,fulfilled,orders_07.csv
6359,113,120,2026-07-08,paid,orders_07.csv
6360,285,80,2026-07-30,cancelled,orders_07.csv
6361,212,20,2026-07-30,paid,orders_07.csv
6362,240,10,2026-07-05,fulfilled,orders_07.csv
6363,54,120,2026-07-25,paid,orders_07.csv
6364,74,120,2026-07-06,cancelled,orders_07.csv
6365,316,50,2026-07-06,paid,orders_07.csv
6366,262,120,2026-07-04,fulfilled,orders_07.csv
6367,2,10,2026-07-30,paid,orders_07.csv
6368,332,120,2026-07-18,paid,orders_07.csv
6369,288,50,2026-07-17,cancelled,orders_07.csv
6370,276,10,2026-07-20,paid,orders_07.csv
6371,280,50,2026-07-22,paid,orders_07.csv
6372,204,80,2026-07-15,paid,orders_07.csv
6373,382,15,2026-07-18,paid,orders_07.csv
6374,260,120,2026-07-06,fulfilled,orders_07.csv
6375,63,80,2026-07-07,paid,orders_07.csv
6376,220,10,2026-07-22,cancelled,orders_07.csv
6377,280,50,2026-07-03,paid,orders_07.csv
6378,49,10,2026-07-22,paid,orders_07.csv
6379,52,10,2026-07-28,paid,orders_07.csv
6380,155,20,2026-07-09,paid,orders_07.csv
6381,253,50,2026-07-05,cancelled,orders_07.csv
6382,394,15,2026-07-11,paid,orders_07.csv
6383,39,10,2026-07-03,paid,orders_07.csv
6384,355,120,2026-07-22,cancelled,orders_07.csv
6385,267,35,2026-07-07,fulfilled,orders_07.csv
6386,313,50,2026-07-14,paid,orders_07.csv
6387,389,80,2026-07-30,paid,orders_07.csv
6388,12,120,2026-07-30,paid,orders_07.csv
6389,374,10,2026-07-23,paid,orders_07.csv
6390,221,120,2026-07-28,paid,orders_07.csv
6391,317,20,2026-07-06,fulfilled,orders_07.csv
6392,362,15,2026-07-09,paid,orders_07.csv
6393,154,120,2026-07-26,paid,orders_07.csv
6394,167,35,2026-07-01,paid,orders_07.csv
6395,227,15,2026-07-06,fulfilled,orders_07.csv
6396,320,120,2026-07-25,paid,orders_07.csv
6397,128,10,2026-07-09,fulfilled,orders_07.csv
6398,11,20,2026-07-18,paid,orders_07.csv
6399,183,120,2026-07-18,paid,orders_07.csv
6400,395,120,2026-07-01,paid,orders_07.csv
6401,176,120,2026-07-29,paid,orders_07.csv
6402,83,10,2026-07-18,paid,orders_07.csv
6403,161,35,2026-07-27,paid,orders_07.csv
6404,33,50,2026-07-12,paid,orders_07.csv
6405,235,15,2026-07-31,paid,orders_07.csv
6406,28,80,2026-07-17,cancelled,orders_07.csv
6407,209,50,2026-07-08,paid,orders_07.csv
6408,109,15,2026-07-21,paid,orders_07.csv
6409,7,80,2026-07-25,paid,orders_07.csv
6410,367,10,2026-07-14,paid,orders_07.csv
6411,225,50,2026-07-20,paid,orders_07.csv
6412,382,20,2026-07-23,fulfilled,orders_07.csv
6413,175,20,2026-07-08,paid,orders_07.csv
6414,354,120,2026-07-03,paid,orders_07.csv
6415,133,50,2026-07-21,cancelled,orders_07.csv
6416,336,10,2026-07-05,cancelled,orders_07.csv
6417,356,35,2026-07-03,paid,orders_07.csv
6418,33,80,2026-07-03,paid,orders_07.csv
6419,8,10,2026-07-18,paid,orders_07.csv
6420,73,50,2026-07-03,paid,orders_07.csv
6421,253,80,2026-07-24,cancelled,orders_07.csv
6422,141,120,2026-07-23,fulfilled,orders_07.csv
6423,52,20,2026-07-06,paid,orders_07.csv
6424,210,80,2026-07-13,paid,orders_07.csv
6425,373,10,2026-07-15,fulfilled,orders_07.csv
6426,166,120,2026-07-11,paid,orders_07.csv
6427,199,120,2026-07-01,paid,orders_07.csv
6428,107,120,2026-07-04,paid,orders_07.csv
6429,172,20,2026-07-22,cancelled,orders_07.csv
6430,98,10,2026-07-01,paid,orders_07.csv
6431,338,80,2026-07-06,cancelled,orders_07.csv
6432,339,20,2026-07-10,paid,orders_07.csv
6433,74,35,2026-07-02,paid,orders_07.csv
6434,30,35,2026-07-27,paid,orders_07.csv
6435,46,50,2026-07-21,cancelled,orders_07.csv
6436,32,10,2026-07-08,paid,orders_07.csv
6437,138,120,2026-07-01,paid,orders_07.csv
6438,182,20,2026-07-30,cancelled,orders_07.csv
6439,91,15,2026-07-24,paid,orders_07.csv
6440,378,20,2026-07-26,paid,orders_07.csv
6441,86,50,2026-07-12,paid,orders_07.csv
6442,128,120,2026-07-28,paid,orders_07.csv
6443,390,35,2026-07-10,paid,orders_07.csv
6444,333,15,2026-07-08,paid,orders_07.csv
6445,197,120,2026-07-25,paid,orders_07.csv
6446,329,35,2026-07-08,paid,orders_07.csv
6447,4,10,2026-07-28,paid,orders_07.csv
6448,194,120,2026-07-22,paid,orders_07.csv
6449,145,10,2026-07-08,fulfilled,orders_07.csv
6450,250,10,2026-07-15,paid,orders_07.csv
6451,285,80,2026-07-15,fulfilled,orders_07.csv
6452,208,10,2026-07-03,fulfilled,orders_07.csv
6453,89,15,2026-07-16,fulfilled,orders_07.csv
6454,32,10,2026-07-15,paid,orders_07.csv
6455,137,20,2026-07-03,fulfilled,orders_07.csv
6456,123,20,2026-07-16,cancelled,orders_07.csv
6457,37,50,2026-07-02,paid,orders_07.csv
6458,382,15,2026-07-16,cancelled,orders_07.csv
6459,193,10,2026-07-20,paid,orders_07.csv
6460,222,50,2026-07-31,paid,orders_07.csv
6461,268,15,2026-07-08,cancelled,orders_07.csv
6462,162,15,2026-07-28,paid,orders_07.csv
6463,245,20,2026-07-03,fulfilled,orders_07.csv
6464,236,120,2026-07-30,paid,orders_07.csv
6465,232,80,2026-07-03,paid,orders_07.csv
6466,106,20,2026-07-04,paid,orders_07.csv
6467,62,80,2026-07-03,fulfilled,orders_07.csv
6468,132,15,2026-07-16,cancelled,orders_07.csv
6469,322,80,2026-07-01,cancelled,orders_07.csv
6470,13,80,2026-07-29,fulfilled,orders_07.csv
6471,380,10,2026-07-22,cancelled,orders_07.csv
6472,120,120,2026-07-21,fulfilled,orders_07.csv
6473,310,15,2026-07-22,paid,orders_07.csv
6474,199,120,2026-07-05,paid,orders_07.csv
6475,22,120,2026-07-24,paid,orders_07.csv
6476,334,15,2026-07-22,paid,orders_07.csv
6477,307,35,2026-07-01,paid,orders_07.csv
6478,112,120,2026-07-15,paid,orders_07.csv
6479,225,15,2026-07-10,paid,orders_07.csv
6480,384,20,2026-07-10,cancelled,orders_07.csv
6481,34,35,2026-07-07,paid,orders_07.csv
6482,85,10,2026-07-22,paid,orders_07.csv
6483,248,15,2026-07-31,paid,orders_07.csv
6484,192,50,2026-07-16,fulfilled,orders_07.csv
6485,109,50,2026-07-22,paid,orders_07.csv
6486,241,15,2026-07-07,paid,orders_07.csv
6487,234,20,2026-07-26,paid,orders_07.csv
6488,387,20,2026-07-31,paid,orders_07.csv
6489,91,20,2026-07-14,fulfilled,orders_07.csv
6490,363,10,2026-07-22,cancelled,orders_07.csv
6491,395,15,2026-07-12,paid,orders_07.csv
6492,1,15,2026-07-27,cancelled,orders_07.csv
6493,133,50,2026-07-26,fulfilled,orders_07.csv
6494,288,50,2026-07-16,fulfilled,orders_07.csv
6495,134,15,2026-07-05,cancelled,orders_07.csv
6496,141,35,2026-07-04,paid,orders_07.csv
6497,71,50,2026-07-30,paid,orders_07.csv
6498,165,120,2026-07-19,paid,orders_07.csv
6499,120,35,2026-07-06,paid,orders_07.csv
6500,300,120,2026-07-03,fulfilled,orders_07.csv
6501,210,20,2026-07-26,cancelled,orders_07.csv
6502,115,120,2026-07-22,paid,orders_07.csv
6503,382,20,2026-07-31,fulfilled,orders_07.csv
6504,27,35,2026-07-04,paid,orders_07.csv
6505,9,20,2026-07-31,paid,orders_07.csv
6506,386,15,2026-07-10,paid,orders_07.csv
6507,38,50,2026-07-14,fulfilled,orders_07.csv
6508,154,120,2026-07-28,cancelled,orders_07.csv
6509,60,35,2026-07-19,paid,orders_07.csv
6510,337,50,2026-07-16,cancelled,orders_07.csv
6511,190,50,2026-07-22,cancelled,orders_07.csv
6512,224,10,2026-07-07,cancelled,orders_07.csv
6513,130,50,2026-07-29,fulfilled,orders_07.csv
6514,355,20,2026-07-06,paid,orders_07.csv
6515,188,50,2026-07-14,paid,orders_07.csv
6516,38,80,2026-07-22,paid,orders_07.csv
6517,350,35,2026-07-20,paid,orders_07.csv
6518,168,120,2026-07-22,paid,orders_07.csv
6519,244,20,2026-07-15,paid,orders_07.csv
6520,167,120,2026-07-15,paid,orders_07.csv
6521,46,15,2026-07-14,cancelled,orders_07.csv
6522,206,15,2026-07-14,paid,orders_07.csv
6523,377,80,2026-07-12,paid,orders_07.csv
6524,340,35,2026-07-13,paid,orders_07.csv
6525,114,80,2026-07-05,paid,orders_07.csv
6526,137,10,2026-07-29,paid,orders_07.csv
6527,70,35,2026-07-17,cancelled,orders_07.csv
6528,331,10,2026-07-14,fulfilled,orders_07.csv
6529,233,20,2026-07-19,cancelled,orders_07.csv
6530,183,20,2026-07-18,fulfilled,orders_07.csv
6531,90,120,2026-07-11,fulfilled,orders_07.csv
6532,10,80,2026-07-23,paid,orders_07.csv
6533,190,10,2026-07-13,paid,orders_07.csv
6534,282,80,2026-07-27,paid,orders_07.csv
6535,128,80,2026-07-21,cancelled,orders_07.csv
6536,394,15,2026-07-31,paid,orders_07.csv
6537,155,80,2026-07-25,paid,orders_07.csv
6538,34,50,2026-07-06,fulfilled,orders_07.csv
6539,341,120,2026-07-28,cancelled,orders_07.csv
6540,102,10,2026-07-02,cancelled,orders_07.csv
6541,212,80,2026-07-18,cancelled,orders_07.csv
6542,15,10,2026-07-09,paid,orders_07.csv
6543,89,10,2026-07-27,paid,orders_07.csv
6544,89,15,2026-07-01,paid,orders_07.csv
6545,365,120,2026-07-09,paid,orders_07.csv
6546,13,10,2026-07-01,paid,orders_07.csv
6547,46,15,2026-07-30,paid,orders_07.csv
6548,172,10,2026-07-16,cancelled,orders_07.csv
6549,164,20,2026-07-12,fulfilled,orders_07.csv
6550,246,120,2026-07-24,paid,orders_07.csv
6551,29,10,2026-07-11,paid,orders_07.csv
6552,136,10,2026-07-06,paid,orders_07.csv
6553,27,80,2026-07-20,paid,orders_07.csv
6554,374,20,2026-07-05,paid,orders_07.csv
6555,252,15,2026-07-17,paid,orders_07.csv
6556,287,120,2026-07-20,paid,orders_07.csv
6557,79,120,2026-07-25,fulfilled,orders_07.csv
6558,152,80,2026-07-13,paid,orders_07.csv
6559,160,120,2026-07-08,paid,orders_07.csv
6560,242,10,2026-07-26,paid,orders_07.csv
6561,78,15,2026-07-19,fulfilled,orders_07.csv
6562,240,120,2026-07-26,paid,orders_07.csv
6563,48,120,2026-07-20,fulfilled,orders_07.csv
6564,223,15,2026-07-19,paid,orders_07.csv
6565,299,15,2026-07-07,paid,orders_07.csv
6566,325,35,2026-07-27,paid,orders_07.csv
6567,133,50,2026-07-25,fulfilled,orders_07.csv
6568,273,20,2026-07-17,paid,orders_07.csv
6569,118,80,2026-07-01,paid,orders_07.csv
6570,263,20,2026-07-08,paid,orders_07.csv
6571,368,80,2026-07-21,fulfilled,orders_07.csv
6572,99,15,2026-07-20,paid,orders_07.csv
6573,340,20,2026-07-10,paid,orders_07.csv
6574,32,15,2026-07-06,fulfilled,orders_07.csv
6575,174,120,2026-07-25,paid,orders_07.csv
6576,162,50,2026-07-13,paid,orders_07.csv
6577,397,50,2026-07-02,paid,orders_07.csv
6578,151,10,2026-07-03,paid,orders_07.csv
6579,122,15,2026-07-17,paid,orders_07.csv
6580,323,15,2026-07-30,fulfilled,orders_07.csv
6581,102,20,2026-07-01,paid,orders_07.csv
6582,260,80,2026-07-26,cancelled,orders_07.csv
6583,186,80,2026-07-28,fulfilled,orders_07.csv
6584,160,120,2026-07-17,paid,orders_07.csv
6585,338,10,2026-07-04,cancelled,orders_07.csv
6586,224,35,2026-07-13,paid,orders_07.csv
6587,343,50,2026-07-09,paid,orders_07.csv
6588,163,120,2026-07-15,fulfilled,orders_07.csv
6589,365,35,2026-07-31,paid,orders_07.csv
6590,229,120,2026-07-18,paid,orders_07.csv
6591,27,10,2026-07-20,fulfilled,orders_07.csv
6592,327,20,2026-07-03,paid,orders_07.csv
6593,286,15,2026-07-02,paid,orders_07.csv
6594,351,50,2026-07-15,paid,orders_07.csv
6595,337,10,2026-07-10,paid,orders_07.csv
6596,267,10,2026-07-14,paid,orders_07.csv
6597,358,10,2026-07-13,paid,orders_07.csv
6598,148,120,2026-07-02,paid,orders_07.csv
6599,55,80,2026-07-17,paid,orders_07.csv
6600,84,120,2026-07-11,cancelled,orders_07.csv
6601,209,15,2026-07-20,paid,orders_07.csv
6602,199,120,2026-07-06,fulfilled,orders_07.csv
6603,174,20,2026-07-23,paid,orders_07.csv
6604,125,35,2026-07-29,cancelled,orders_07.csv
6605,47,20,2026-07-04,fulfilled,orders_07.csv
6606,116,15,2026-07-16,cancelled,orders_07.csv
6607,148,120,2026-07-26,fulfilled,orders_07.csv
6608,367,15,2026-07-13,paid,orders_07.csv
6609,100,35,2026-07-24,paid,orders_07.csv
6610,263,20,2026-07-28,paid,orders_07.csv
6611,131,50,2026-07-01,fulfilled,orders_07.csv
6612,357,15,2026-07-27,cancelled,orders_07.csv
6613,161,15,2026-07-11,paid,orders_07.csv
6614,97,80,2026-07-22,fulfilled,orders_07.csv
6615,1,120,2026-07-02,paid,orders_07.csv
6616,177,10,2026-07-19,paid,orders_07.csv
6617,21,10,2026-07-20,paid,orders_07.csv
6618,163,120,2026-07-08,paid,orders_07.csv
6619,188,20,2026-07-31,paid,orders_07.csv
6620,181,35,2026-07-20,fulfilled,orders_07.csv
6621,57,15,2026-07-10,paid,orders_07.csv
6622,347,35,2026-07-30,cancelled,orders_07.csv
6623,126,120,2026-07-25,paid,orders_07.csv
6624,373,15,2026-07-29,paid,orders_07.csv
6625,158,20,2026-07-27,cancelled,orders_07.csv
6626,167,35,2026-07-21,fulfilled,orders_07.csv
6627,158,15,2026-07-27,paid,orders_07.csv
6628,366,20,2026-07-18,paid,orders_07.csv
6629,89,120,2026-07-12,paid,orders_07.csv
6630,397,15,2026-07-29,cancelled,orders_07.csv
6631,25,120,2026-07-21,cancelled,orders_07.csv
6632,174,35,2026-07-15,fulfilled,orders_07.csv
6633,384,120,2026-07-26,paid,orders_07.csv
6634,175,20,2026-07-24,paid,orders_07.csv
6635,52,10,2026-07-03,paid,orders_07.csv
6636,14,120,2026-07-29,paid,orders_07.csv
6637,190,10,2026-07-08,cancelled,orders_07.csv
6638,255,80,2026-07-03,paid,orders_07.csv
6639,237,80,2026-07-07,fulfilled,orders_07.csv
6640,245,35,2026-07-10,paid,orders_07.csv
6641,324,50,2026-07-21,fulfilled,orders_07.csv
6642,177,80,2026-07-11,paid,orders_07.csv
6643,181,50,2026-07-24,paid,orders_07.csv
6644,301,120,2026-07-20,cancelled,orders_07.csv
6645,248,35,2026-07-03,fulfilled,orders_07.csv
6646,341,15,2026-07-01,paid,orders_07.csv
6647,186,50,2026-07-07,paid,orders_07.csv
6648,338,80,2026-07-30,paid,orders_07.csv
6649,292,10,2026-07-21,fulfilled,orders_07.csv
6650,292,35,2026-07-19,paid,orders_07.csv
6651,68,35,2026-07-23,paid,orders_07.csv
6652,269,20,2026-07-06,cancelled,orders_07.csv
6653,382,20,2026-07-26,paid,orders_07.csv
6654,382,50,2026-07-08,paid,orders_07.csv
6655,188,80,2026-07-08,fulfilled,orders_07.csv
6656,195,80,2026-07-06,paid,orders_07.csv
6657,214,15,2026-07-30,paid,orders_07.csv
6658,169,50,2026-07-10,paid,orders_07.csv
6659,280,120,2026-07-16,cancelled,orders_07.csv
6660,343,120,2026-07-01,paid,orders_07.csv
6661,194,120,2026-07-20,cancelled,orders_07.csv
6662,85,15,2026-07-29,paid,orders_07.csv
6663,333,50,2026-07-30,paid,orders_07.csv
6664,292,20,2026-07-28,paid,orders_07.csv
6665,29,15,2026-07-30,cancelled,orders_07.csv
6666,258,120,2026-07-01,paid,orders_07.csv
6667,237,15,2026-07-17,cancelled,orders_07.csv
6668,74,15,2026-07-07,fulfilled,orders_07.csv
6669,16,35,2026-07-26,paid,orders_07.csv
6670,353,20,2026-07-20,cancelled,orders_07.csv
6671,120,35,2026-07-09,paid,orders_07.csv
6672,322,35,2026-07-17,paid,orders_07.csv
6673,397,10,2026-07-03,paid,orders_07.csv
6674,368,15,2026-07-29,paid,orders_07.csv
6675,131,15,2026-07-18,cancelled,orders_07.csv
6676,90,15,2026-07-27,cancelled,orders_07.csv
6677,104,50,2026-07-06,paid,orders_07.csv
6678,237,80,2026-07-24,cancelled,orders_07.csv
6679,111,20,2026-07-23,fulfilled,orders_07.csv
6680,262,10,2026-07-30,fulfilled,orders_07.csv
6681,1,35,2026-07-31,paid,orders_07.csv
6682,36,120,2026-07-28,cancelled,orders_07.csv
6683,213,15,2026-07-22,paid,orders_07.csv
6684,88,80,2026-07-15,paid,orders_07.csv
6685,173,35,2026-07-18,paid,orders_07.csv
6686,117,15,2026-07-07,fulfilled,orders_07.csv
6687,317,35,2026-07-12,paid,orders_07.csv
6688,83,80,2026-07-10,paid,orders_07.csv
6689,44,15,2026-07-15,paid,orders_07.csv
6690,162,10,2026-07-19,cancelled,orders_07.csv
6691,95,35,2026-07-10,fulfilled,orders_07.csv
6692,226,120,2026-07-27,cancelled,orders_07.csv
6693,243,20,2026-07-16,fulfilled,orders_07.csv
6694,102,35,2026-07-17,cancelled,orders_07.csv
6695,75,50,2026-07-17,paid,orders_07.csv
6696,38,20,2026-07-08,fulfilled,orders_07.csv
6697,36,35,2026-07-31,paid,orders_07.csv
6698,376,35,2026-07-12,paid,orders_07.csv
6699,361,80,2026-07-12,fulfilled,orders_07.csv
6700,78,35,2026-07-21,cancelled,orders_07.csv
6701,4,10,2026-07-18,fulfilled,orders_07.csv
6702,261,80,2026-07-12,fulfilled,orders_07.csv
6703,222,50,2026-07-31,paid,orders_07.csv
6704,284,80,2026-07-06,paid,orders_07.csv
6705,352,15,2026-07-31,paid,orders_07.csv
6706,205,120,2026-07-22,paid,orders_07.csv
6707,293,80,2026-07-19,paid,orders_07.csv
6708,81,50,2026-07-11,cancelled,orders_07.csv
6709,334,15,2026-07-13,paid,orders_07.csv
6710,70,120,2026-07-04,paid,orders_07.csv
6711,166,120,2026-07-20,fulfilled,orders_07.csv
6712,254,20,2026-07-15,paid,orders_07.csv
6713,11,20,2026-07-17,cancelled,orders_07.csv
6714,167,80,2026-07-18,fulfilled,orders_07.csv
6715,171,20,2026-07-04,fulfilled,orders_07.csv
6716,312,50,2026-07-20,paid,orders_07.csv
6717,190,120,2026-07-01,fulfilled,orders_07.csv
6718,186,120,2026-07-03,cancelled,orders_07.csv
6719,142,20,2026-07-01,paid,orders_07.csv
6720,254,15,2026-07-27,fulfilled,orders_07.csv
6721,39,15,2026-07-01,paid,orders_07.csv
6722,378,120,2026-07-02,paid,orders_07.csv
6723,160,15,2026-07-05,paid,orders_07.csv
6724,224,20,2026-07-02,paid,orders_07.csv
6725,369,10,2026-07-24,paid,orders_07.csv
6726,283,10,2026-07-18,paid,orders_07.csv
6727,99,10,2026-07-14,fulfilled,orders_07.csv
6728,374,35,2026-07-28,fulfilled,orders_07.csv
6729,323,120,2026-07-03,paid,orders_07.csv
6730,65,20,2026-07-20,paid,orders_07.csv
6731,29,15,2026-07-03,paid,orders_07.csv
6732,12,20,2026-07-02,paid,orders_07.csv
6733,238,15,2026-07-04,paid,orders_07.csv
6734,102,50,2026-07-06,paid,orders_07.csv
6735,102,20,2026-07-22,paid,orders_07.csv
6736,223,20,2026-07-28,fulfilled,orders_07.csv
6737,130,35,2026-07-14,paid,orders_07.csv
6738,13,80,2026-07-16,paid,orders_07.csv
6739,93,15,2026-07-06,paid,orders_07.csv
6740,378,80,2026-07-21,paid,orders_07.csv
6741,272,50,2026-07-15,paid,orders_07.csv
6742,226,50,2026-07-26,cancelled,orders_07.csv
6743,232,35,2026-07-01,paid,orders_07.csv
6744,325,20,2026-07-20,fulfilled,orders_07.csv
6745,76,120,2026-07-17,paid,orders_07.csv
6746,288,50,2026-07-30,paid,orders_07.csv
6747,90,80,2026-07-16,fulfilled,orders_07.csv
6748,354,80,2026-07-06,paid,orders_07.csv
6749,360,50,2026-07-17,paid,orders_07.csv
6750,186,35,2026-07-28,paid,orders_07.csv
6751,195,80,2026-07-19,fulfilled,orders_07.csv
6752,246,50,2026-07-11,cancelled,orders_07.csv
6753,162,35,2026-07-06,paid,orders_07.csv
6754,109,120,2026-07-09,cancelled,orders_07.csv
6755,3,50,2026-07-27,paid,orders_07.csv
6756,329,120,2026-07-11,cancelled,orders_07.csv
6757,313,20,2026-07-09,paid,orders_07.csv
6758,280,35,2026-07-19,paid,orders_07.csv
6759,43,35,2026-07-28,paid,orders_07.csv
6760,220,120,2026-07-05,paid,orders_07.csv
6761,213,20,2026-07-19,cancelled,orders_07.csv
6762,219,80,2026-07-17,paid,orders_07.csv
6763,302,120,2026-07-03,paid,orders_07.csv
6764,193,20,2026-07-04,paid,orders_07.csv
6765,223,35,2026-07-20,paid,orders_07.csv
6766,374,35,2026-07-03,paid,orders_07.csv
6767,19,35,2026-07-04,paid,orders_07.csv
6768,34,80,2026-07-07,paid,orders_07.csv
6769,190,15,2026-07-09,cancelled,orders_07.csv
6770,257,50,2026-07-31,fulfilled,orders_07.csv
6771,293,80,2026-07-25,paid,orders_07.csv
6772,330,120,2026-07-15,paid,orders_07.csv
6773,350,80,2026-07-13,fulfilled,orders_07.csv
6774,61,10,2026-07-31,paid,orders_07.csv
6775,348,20,2026-07-26,paid,orders_07.csv
6776,277,80,2026-07-20,paid,orders_07.csv
6777,327,120,2026-07-12,fulfilled,orders_07.csv
6778,128,20,2026-07-28,cancelled,orders_07.csv
6779,228,35,2026-07-02,paid,orders_07.csv
6780,42,120,2026-07-03,paid,orders_07.csv
6781,238,50,2026-07-07,fulfilled,orders_07.csv
6782,368,10,2026-07-29,paid,orders_07.csv
6783,312,15,2026-07-11,paid,orders_07.csv
6784,389,10,2026-07-21,paid,orders_07.csv
6785,257,20,2026-07-27,paid,orders_07.csv
6786,84,15,2026-07-06,fulfilled,orders_07.csv
6787,115,20,2026-07-28,paid,orders_07.csv
6788,32,15,2026-07-30,paid,orders_07.csv
6789,314,20,2026-07-30,paid,orders_07.csv
6790,197,50,2026-07-21,cancelled,orders_07.csv
6791,228,15,2026-07-28,paid,orders_07.csv
6792,241,120,2026-07-14,paid,orders_07.csv
6793,31,80,2026-07-22,fulfilled,orders_07.csv
6794,335,35,2026-07-08,fulfilled,orders_07.csv
6795,272,15,2026-07-27,paid,orders_07.csv
6796,267,80,2026-07-06,paid,orders_07.csv
6797,163,35,2026-07-18,paid,orders_07.csv
6798,71,35,2026-07-30,fulfilled,orders_07.csv
6799,138,50,2026-07-16,paid,orders_07.csv
6800,284,35,2026-07-04,cancelled,orders_07.csv
6801,84,20,2026-07-11,paid,orders_07.csv
6802,195,10,2026-07-12,paid,orders_07.csv
6803,299,20,2026-07-16,paid,orders_07.csv
6804,296,50,2026-07-13,paid,orders_07.csv
6805,395,10,2026-07-11,paid,orders_07.csv
6806,235,10,2026-07-07,paid,orders_07.csv
6807,323,20,2026-07-15,cancelled,orders_07.csv
6808,351,80,2026-07-25,paid,orders_07.csv
6809,325,15,2026-07-16,cancelled,orders_07.csv
6810,341,80,2026-07-31,paid,orders_07.csv
6811,97,50,2026-07-12,paid,orders_07.csv
6812,151,80,2026-07-10,paid,orders_07.csv
6813,301,10,2026-07-23,fulfilled,orders_07.csv
6814,108,50,2026-07-01,paid,orders_07.csv
6815,264,50,2026-07-07,paid,orders_07.csv
6816,122,80,2026-07-25,paid,orders_07.csv
6817,147,10,2026-07-22,paid,orders_07.csv
6818,298,80,2026-07-22,paid,orders_07.csv
6819,26,35,2026-07-09,paid,orders_07.csv
6820,161,50,2026-07-09,paid,orders_07.csv
6821,213,20,2026-07-17,cancelled,orders_07.csv
6822,93,10,2026-07-18,cancelled,orders_07.csv
6823,92,120,2026-07-07,paid,orders_07.csv
6824,108,10,2026-07-04,paid,orders_07.csv
6825,379,50,2026-07-19,paid,orders_07.csv
6826,197,35,2026-07-22,paid,orders_07.csv
6827,306,120,2026-07-03,fulfilled,orders_07.csv
6828,383,20,2026-07-04,cancelled,orders_07.csv
6829,220,20,2026-07-05,paid,orders_07.csv
6830,14,10,2026-07-31,fulfilled,orders_07.csv
6831,273,80,2026-07-20,fulfilled,orders_07.csv
6832,191,80,2026-07-06,paid,orders_07.csv
6833,69,20,2026-07-18,paid,orders_07.csv
6834,279,15,2026-07-09,paid,orders_07.csv
6835,78,15,2026-07-06,paid,orders_07.csv
6836,64,15,2026-07-19,paid,orders_07.csv
6837,291,50,2026-07-17,paid,orders_07.csv
6838,255,35,2026-07-18,fulfilled,orders_07.csv
6839,385,10,2026-07-18,paid,orders_07.csv
6840,217,15,2026-07-08,paid,orders_07.csv
6841,388,10,2026-07-30,paid,orders_07.csv
6842,183,15,2026-07-29,paid,orders_07.csv
6843,245,50,2026-07-27,fulfilled,orders_07.csv
6844,172,35,2026-07-14,paid,orders_07.csv
6845,344,120,2026-07-08,paid,orders_07.csv
6846,258,15,2026-07-15,paid,orders_07.csv
6847,93,15,2026-07-20,paid,orders_07.csv
6848,43,120,2026-07-09,paid,orders_07.csv
6849,46,20,2026-07-25,paid,orders_07.csv
6850,387,20,2026-07-14,paid,orders_07.csv
6851,399,35,2026-07-17,paid,orders_07.csv
6852,80,15,2026-07-22,paid,orders_07.csv
6853,167,10,2026-07-14,cancelled,orders_07.csv
6854,85,50,2026-07-14,paid,orders_07.csv
6855,63,120,2026-07-16,paid,orders_07.csv
6856,321,120,2026-07-27,paid,orders_07.csv
6857,260,10,2026-07-10,paid,orders_07.csv
6858,53,50,2026-07-02,paid,orders_07.csv
6859,208,15,2026-07-17,paid,orders_07.csv
6860,108,35,2026-07-22,paid,orders_07.csv
6861,233,10,2026-07-22,paid,orders_07.csv
6862,240,10,2026-07-29,paid,orders_07.csv
6863,204,10,2026-07-22,paid,orders_07.csv
6864,45,50,2026-07-14,paid,orders_07.csv
6865,172,15,2026-07-12,paid,orders_07.csv
6866,344,20,2026-07-22,paid,orders_07.csv
6867,206,35,2026-07-02,fulfilled,orders_07.csv
6868,80,10,2026-07-03,paid,orders_07.csv
6869,279,15,2026-07-02,paid,orders_07.csv
6870,322,10,2026-07-30,fulfilled,orders_07.csv
6871,349,35,2026-07-17,paid,orders_07.csv
6872,51,80,2026-07-07,fulfilled,orders_07.csv
6873,230,20,2026-07-19,paid,orders_07.csv
6874,302,120,2026-07-30,fulfilled,orders_07.csv
6875,73,10,2026-07-05,fulfilled,orders_07.csv
6876,66,80,2026-07-14,paid,orders_07.csv
6877,95,50,2026-07-23,paid,orders_07.csv
6878,367,120,2026-07-26,paid,orders_07.csv
6879,165,15,2026-07-04,paid,orders_07.csv
6880,299,80,2026-07-08,paid,orders_07.csv
6881,88,80,2026-07-12,paid,orders_07.csv
6882,365,120,2026-07-14,paid,orders_07.csv
6883,225,35,2026-07-06,paid,orders_07.csv
6884,68,10,2026-07-01,cancelled,orders_07.csv
6885,221,120,2026-07-24,paid,orders_07.csv
6886,80,80,2026-07-21,paid,orders_07.csv
6887,60,10,2026-07-23,fulfilled,orders_07.csv
6888,344,15,2026-07-03,paid,orders_07.csv
6889,22,120,2026-07-05,paid,orders_07.csv
6890,157,50,2026-07-03,paid,orders_07.csv
6891,384,120,2026-07-28,cancelled,orders_07.csv
6892,302,35,2026-07-28,cancelled,orders_07.csv
6893,101,20,2026-07-18,cancelled,orders_07.csv
6894,248,80,2026-07-07,paid,orders_07.csv
6895,192,20,2026-07-05,cancelled,orders_07.csv
6896,302,15,2026-07-18,cancelled,orders_07.csv
6897,338,50,2026-07-09,paid,orders_07.csv
6898,12,35,2026-07-17,fulfilled,orders_07.csv
6899,307,15,2026-07-22,paid,orders_07.csv
6900,151,20,2026-07-18,paid,orders_07.csv
6901,322,80,2026-07-25,fulfilled,orders_07.csv
6902,192,50,2026-07-25,fulfilled,orders_07.csv
6903,361,120,2026-07-08,cancelled,orders_07.csv
6904,193,50,2026-07-18,paid,orders_07.csv
6905,206,120,2026-07-10,paid,orders_07.csv
6906,132,35,2026-07-27,paid,orders_07.csv
6907,350,15,2026-07-24,fulfilled,orders_07.csv
6908,184,80,2026-07-28,paid,orders_07.csv
6909,185,10,2026-07-15,paid,orders_07.csv
6910,335,15,2026-07-24,paid,orders_07.csv
6911,222,80,2026-07-26,paid,orders_07.csv
6912,188,80,2026-07-21,paid,orders_07.csv
6913,281,10,2026-07-09,paid,orders_07.csv
6914,210,10,2026-07-12,fulfilled,orders_07.csv
6915,312,50,2026-07-31,paid,orders_07.csv
6916,118,20,2026-07-26,paid,orders_07.csv
6917,56,80,2026-07-16,paid,orders_07.csv
6918,53,20,2026-07-16,paid,orders_07.csv
6919,250,10,2026-07-09,paid,orders_07.csv
6920,174,120,2026-07-29,fulfilled,orders_07.csv
6921,225,20,2026-07-28,fulfilled,orders_07.csv
6922,161,15,2026-07-05,paid,orders_07.csv
6923,81,20,2026-07-23,paid,orders_07.csv
6924,346,120,2026-07-02,paid,orders_07.csv
6925,19,120,2026-07-11,paid,orders_07.csv
6926,28,35,2026-07-29,fulfilled,orders_07.csv
6927,78,120,2026-07-07,paid,orders_07.csv
6928,62,10,2026-07-17,paid,orders_07.csv
6929,262,35,2026-07-15,cancelled,orders_07.csv
6930,11,35,2026-07-09,fulfilled,orders_07.csv
6931,195,120,2026-07-06,paid,orders_07.csv
6932,191,10,2026-07-24,paid,orders_07.csv
6933,65,80,2026-07-11,paid,orders_07.csv
6934,367,15,2026-07-20,paid,orders_07.csv
6935,297,80,2026-07-01,cancelled,orders_07.csv
6936,119,20,2026-07-20,paid,orders_07.csv
6937,363,120,2026-07-07,paid,orders_07.csv
6938,242,50,2026-07-08,cancelled,orders_07.csv
6939,165,10,2026-07-29,paid,orders_07.csv
6940,167,50,2026-07-19,cancelled,orders_07.csv
6941,262,35,2026-07-03,paid,orders_07.csv
6942,109,35,2026-07-08,paid,orders_07.csv
6943,186,10,2026-07-14,paid,orders_07.csv
6944,170,35,2026-07-04,paid,orders_07.csv
6945,217,15,2026-07-21,paid,orders_07.csv
6946,124,35,2026-07-19,paid,orders_07.csv
6947,282,120,2026-07-17,paid,orders_07.csv
6948,241,120,2026-07-09,fulfilled,orders_07.csv
6949,7,10,2026-07-15,fulfilled,orders_07.csv
6950,117,50,2026-07-15,cancelled,orders_07.csv
6951,399,50,2026-07-06,fulfilled,orders_07.csv
6952,199,15,2026-07-18,paid,orders_07.csv
6953,389,120,2026-07-09,fulfilled,orders_07.csv
6954,47,20,2026-07-31,fulfilled,orders_07.csv
6955,109,80,2026-07-28,paid,orders_07.csv
6956,48,10,2026-07-03,paid,orders_07.csv
6957,3,35,2026-07-12,fulfilled,orders_07.csv
6958,234,20,2026-07-17,paid,orders_07.csv
6959,189,80,2026-07-17,paid,orders_07.csv
6960,262,50,2026-07-04,fulfilled,orders_07.csv
6961,191,20,2026-07-04,cancelled,orders_07.csv
6962,113,35,2026-07-07,paid,orders_07.csv
6963,172,50,2026-07-28,cancelled,orders_07.csv
6964,289,20,2026-07-18,paid,orders_07.csv
6965,44,50,2026-07-25,paid,orders_07.csv
6966,59,20,2026-07-27,cancelled,orders_07.csv
6967,168,15,2026-07-21,paid,orders_07.csv
6968,59,20,2026-07-22,paid,orders_07.csv
6969,12,20,2026-07-14,paid,orders_07.csv
6970,2,15,2026-07-13,paid,orders_07.csv
6971,273,35,2026-07-22,paid,orders_07.csv
6972,133,15,2026-07-13,paid,orders_07.csv
6973,361,35,2026-07-26,paid,orders_07.csv
6974,192,120,2026-07-27,paid,orders_07.csv
6975,193,15,2026-07-01,paid,orders_07.csv
6976,206,80,2026-07-22,paid,orders_07.csv
6977,280,35,2026-07-16,paid,orders_07.csv
6978,89,10,2026-07-18,paid,orders_07.csv
6979,96,20,2026-07-23,cancelled,orders_07.csv
6980,360,50,2026-07-05,paid,orders_07.csv
6981,261,120,2026-07-22,paid,orders_07.csv
6982,282,50,2026-07-10,paid,orders_07.csv
6983,248,80,2026-07-23,cancelled,orders_07.csv
6984,69,20,2026-07-04,paid,orders_07.csv
6985,348,15,2026-07-10,cancelled,orders_07.csv
6986,400,50,2026-07-20,paid,orders_07.csv
6987,227,80,2026-07-22,paid,orders_07.csv
6988,65,120,2026-07-19,paid,orders_07.csv
6989,230,50,2026-07-16,paid,orders_07.csv
6990,31,80,2026-07-27,paid,orders_07.csv
6991,314,50,2026-07-03,paid,orders_07.csv
6992,353,50,2026-07-19,paid,orders_07.csv
6993,36,15,2026-07-09,cancelled,orders_07.csv
6994,9,50,2026-07-01,paid,orders_07.csv
6995,45,120,2026-07-15,fulfilled,orders_07.csv
6996,123,120,2026-07-18,paid,orders_07.csv
6997,161,80,2026-07-07,paid,orders_07.csv
6998,14,15,2026-07-20,paid,orders_07.csv
6999,34,10,2026-07-12,paid,orders_07.csv
7000,369,10,2026-07-20,paid,orders_07.csv
7001,360,20,2026-07-06,paid,orders_07.csv
7002,377,10,2026-07-10,paid,orders_07.csv
7003,226,50,2026-07-31,paid,orders_07.csv
7004,3,120,2026-07-18,paid,orders_07.csv
7005,147,15,2026-07-24,paid,orders_07.csv
7006,339,50,2026-07-03,fulfilled,orders_07.csv
7007,308,120,2026-07-20,paid,orders_07.csv
7008,359,50,2026-07-13,fulfilled,orders_07.csv
7009,234,120,2026-07-13,paid,orders_07.csv
7010,113,20,2026-07-31,paid,orders_07.csv
7011,262,15,2026-07-24,paid,orders_07.csv
7012,157,35,2026-07-23,paid,orders_07.csv
7013,49,15,2026-07-08,fulfilled,orders_07.csv
7014,189,35,2026-07-31,cancelled,orders_07.csv
7015,257,35,2026-07-12,paid,orders_07.csv
7016,386,120,2026-07-20,paid,orders_07.csv
7017,108,15,2026-07-13,paid,orders_07.csv
7018,375,80,2026-07-16,fulfilled,orders_07.csv
7019,269,120,2026-07-06,paid,orders_07.csv
7020,95,35,2026-07-14,cancelled,orders_07.csv
7021,102,80,2026-07-07,paid,orders_07.csv
7022,293,120,2026-07-12,paid,orders_07.csv
7023,142,20,2026-07-09,paid,orders_07.csv
7024,145,35,2026-07-16,cancelled,orders_07.csv
7025,112,20,2026-07-19,fulfilled,orders_07.csv
7026,1,120,2026-07-26,paid,orders_07.csv
7027,71,50,2026-07-09,cancelled,orders_07.csv
7028,289,80,2026-07-20,paid,orders_07.csv
7029,398,15,2026-07-23,paid,orders_07.csv
7030,49,120,2026-07-22,fulfilled,orders_07.csv
7031,240,35,2026-07-27,fulfilled,orders_07.csv
7032,52,15,2026-07-07,fulfilled,orders_07.csv
7033,261,15,2026-07-06,paid,orders_07.csv
7034,330,120,2026-07-08,fulfilled,orders_07.csv
7035,143,15,2026-07-13,paid,orders_07.csv
7036,370,50,2026-07-06,paid,orders_07.csv
7037,244,50,2026-07-06,cancelled,orders_07.csv
7038,226,80,2026-07-07,cancelled,orders_07.csv
7039,51,10,2026-07-16,paid,orders_07.csv
7040,20,120,2026-07-15,cancelled,orders_07.csv
7041,276,35,2026-07-04,paid,orders_07.csv
7042,400,20,2026-07-28,cancelled,orders_07.csv
7043,294,15,2026-07-08,paid,orders_07.csv
7044,54,35,2026-07-12,paid,orders_07.csv
7045,81,80,2026-07-21,paid,orders_07.csv
7046,130,50,2026-07-05,paid,orders_07.csv
7047,294,120,2026-07-02,paid,orders_07.csv
7048,128,15,2026-07-07,paid,orders_07.csv
7049,130,120,2026-07-09,paid,orders_07.csv
7050,251,15,2026-07-09,paid,orders_07.csv
7051,154,35,2026-07-01,paid,orders_07.csv
7052,125,120,2026-07-12,fulfilled,orders_07.csv
7053,387,15,2026-07-04,paid,orders_07.csv
7054,169,80,2026-07-04,paid,orders_07.csv
7055,357,35,2026-07-15,paid,orders_07.csv
7056,108,20,2026-07-08,paid,orders_07.csv
7057,388,35,2026-07-11,fulfilled,orders_07.csv
7058,274,35,2026-07-21,paid,orders_07.csv
7059,214,10,2026-07-10,cancelled,orders_07.csv
7060,263,80,2026-07-31,fulfilled,orders_07.csv
7061,224,50,2026-07-22,cancelled,orders_07.csv
7062,388,35,2026-07-27,paid,orders_07.csv
7063,209,120,2026-07-06,fulfilled,orders_07.csv
7064,339,10,2026-07-07,cancelled,orders_07.csv
7065,237,50,2026-07-07,paid,orders_07.csv
7066,261,120,2026-07-18,paid,orders_07.csv
7067,351,20,2026-07-03,fulfilled,orders_07.csv
7068,7,20,2026-07-01,fulfilled,orders_07.csv
7069,81,120,2026-07-21,paid,orders_07.csv
7070,68,120,2026-07-16,paid,orders_07.csv
7071,365,80,2026-07-14,paid,orders_07.csv
7072,330,35,2026-07-05,paid,orders_07.csv
7073,152,10,2026-07-22,fulfilled,orders_07.csv
7074,369,20,2026-07-15,cancelled,orders_07.csv
7075,119,20,2026-07-20,paid,orders_07.csv
7076,25,80,2026-07-05,paid,orders_07.csv
7077,23,120,2026-07-10,paid,orders_07.csv
7078,280,80,2026-07-10,paid,orders_07.csv
7079,47,80,2026-07-04,paid,orders_07.csv
7080,154,10,2026-07-30,paid,orders_07.csv
7081,92,50,2026-07-23,fulfilled,orders_07.csv
7082,257,80,2026-07-21,fulfilled,orders_07.csv
7083,63,10,2026-07-29,cancelled,orders_07.csv
7084,154,35,2026-07-15,fulfilled,orders_07.csv
7085,55,35,2026-07-13,paid,orders_07.csv
7086,103,20,2026-07-13,fulfilled,orders_07.csv
7087,365,120,2026-07-21,fulfilled,orders_07.csv
7088,266,120,2026-07-13,cancelled,orders_07.csv
7089,57,50,2026-07-09,paid,orders_07.csv
7090,230,20,2026-07-21,paid,orders_07.csv
7091,226,35,2026-07-05,cancelled,orders_07.csv
7092,186,15,2026-07-09,cancelled,orders_07.csv
7093,88,35,2026-07-17,paid,orders_07.csv
7094,140,120,2026-07-31,paid,orders_07.csv
7095,288,10,2026-07-04,fulfilled,orders_07.csv
7096,18,50,2026-07-03,fulfilled,orders_07.csv
7097,156,50,2026-07-22,fulfilled,orders_07.csv
7098,391,10,2026-07-23,paid,orders_07.csv
7099,56,35,2026-07-30,paid,orders_07.csv
7100,367,120,2026-07-17,paid,orders_07.csv
7101,193,20,2026-07-26,paid,orders_07.csv
7102,243,10,2026-07-26,paid,orders_07.csv
7103,78,50,2026-07-01,paid,orders_07.csv
7104,42,120,2026-07-21,paid,orders_07.csv
7105,100,50,2026-07-18,cancelled,orders_07.csv
7106,71,20,2026-07-03,fulfilled,orders_07.csv
7107,129,50,2026-07-15,paid,orders_07.csv
7108,25,50,2026-07-11,paid,orders_07.csv
7109,337,35,2026-07-18,paid,orders_07.csv
7110,30,120,2026-07-20,paid,orders_07.csv
7111,220,10,2026-07-04,cancelled,orders_07.csv
7112,111,50,2026-07-23,paid,orders_07.csv
7113,255,20,2026-07-22,paid,orders_07.csv
7114,224,10,2026-07-19,paid,orders_07.csv
7115,300,20,2026-07-15,paid,orders_07.csv
7116,141,80,2026-07-18,cancelled,orders_07.csv
7117,49,120,2026-07-03,cancelled,orders_07.csv
7118,175,15,2026-07-16,paid,orders_07.csv
7119,163,50,2026-07-04,cancelled,orders_07.csv
7120,369,20,2026-07-10,paid,orders_07.csv
7121,212,50,2026-07-08,paid,orders_07.csv
7122,307,15,2026-07-20,fulfilled,orders_07.csv
7123,239,20,2026-07-31,cancelled,orders_07.csv
7124,105,15,2026-07-26,cancelled,orders_07.csv
7125,66,120,2026-07-21,cancelled,orders_07.csv
7126,41,20,2026-07-01,paid,orders_07.csv
7127,133,80,2026-07-12,cancelled,orders_07.csv
7128,100,35,2026-07-30,fulfilled,orders_07.csv
7129,366,80,2026-07-06,paid,orders_07.csv
7130,339,120,2026-07-10,paid,orders_07.csv
7131,244,80,2026-07-06,cancelled,orders_07.csv
7132,215,10,2026-07-22,paid,orders_07.csv
7133,201,35,2026-07-31,fulfilled,orders_07.csv
7134,192,80,2026-07-07,cancelled,orders_07.csv
7135,333,20,2026-07-24,fulfilled,orders_07.csv
7136,292,35,2026-07-22,cancelled,orders_07.csv
7137,97,35,2026-07-13,paid,orders_07.csv
7138,263,120,2026-07-31,paid,orders_07.csv
7139,239,10,2026-07-18,paid,orders_07.csv
7140,350,80,2026-07-08,paid,orders_07.csv
7141,286,15,2026-07-23,paid,orders_07.csv
7142,138,120,2026-07-29,fulfilled,orders_07.csv
7143,171,20,2026-07-16,cancelled,orders_07.csv
7144,95,120,2026-07-12,cancelled,orders_07.csv
7145,91,15,2026-07-22,paid,orders_07.csv
7146,291,50,2026-07-05,paid,orders_07.csv
7147,173,120,2026-07-16,paid,orders_07.csv
7148,80,15,2026-07-17,cancelled,orders_07.csv
7149,169,120,2026-07-08,paid,orders_07.csv
7150,43,20,2026-07-10,paid,orders_07.csv
7151,7,35,2026-07-13,paid,orders_07.csv
7152,239,10,2026-07-13,fulfilled,orders_07.csv
7153,324,35,2026-07-28,paid,orders_07.csv
7154,117,35,2026-07-04,paid,orders_07.csv
7155,13,50,2026-07-08,paid,orders_07.csv
7156,364,35,2026-07-15,cancelled,orders_07.csv
7157,259,10,2026-07-22,paid,orders_07.csv
7158,147,15,2026-07-15,paid,orders_07.csv
7159,294,10,2026-07-12,paid,orders_07.csv
7160,303,10,2026-07-25,cancelled,orders_07.csv
7161,357,35,2026-07-26,cancelled,orders_07.csv
7162,205,15,2026-07-05,cancelled,orders_07.csv
7163,137,20,2026-07-15,fulfilled,orders_07.csv
7164,98,10,2026-07-06,cancelled,orders_07.csv
7165,399,80,2026-07-26,paid,orders_07.csv
7166,223,15,2026-07-20,paid,orders_07.csv
7167,350,20,2026-07-19,paid,orders_07.csv
7168,257,20,2026-07-30,cancelled,orders_07.csv
7169,20,20,2026-07-04,paid,orders_07.csv
7170,381,80,2026-07-23,paid,orders_07.csv
7171,141,35,2026-07-22,cancelled,orders_07.csv
7172,231,35,2026-07-15,fulfilled,orders_07.csv
7173,291,20,2026-07-25,paid,orders_07.csv
7174,318,15,2026-07-23,paid,orders_07.csv
7175,381,80,2026-07-08,paid,orders_07.csv
7176,70,15,2026-07-07,fulfilled,orders_07.csv
7177,172,15,2026-07-22,paid,orders_07.csv
7178,229,35,2026-07-24,paid,orders_07.csv
7179,89,120,2026-07-21,paid,orders_07.csv
7180,229,10,2026-07-06,paid,orders_07.csv
7181,16,10,2026-07-15,fulfilled,orders_07.csv
7182,211,50,2026-07-24,paid,orders_07.csv
7183,119,120,2026-07-14,paid,orders_07.csv
7184,26,50,2026-07-25,fulfilled,orders_07.csv
7185,174,20,2026-07-08,fulfilled,orders_07.csv
7186,203,10,2026-07-14,cancelled,orders_07.csv
7187,166,10,2026-07-01,cancelled,orders_07.csv
7188,221,15,2026-07-26,paid,orders_07.csv
7189,7,10,2026-07-11,paid,orders_07.csv
7190,29,120,2026-07-27,fulfilled,orders_07.csv
7191,251,80,2026-07-28,fulfilled,orders_07.csv
7192,192,120,2026-07-31,paid,orders_07.csv
7193,194,50,2026-07-19,paid,orders_07.csv
7194,197,80,2026-07-01,paid,orders_07.csv
7195,318,10,2026-07-14,fulfilled,orders_07.csv
7196,270,35,2026-07-18,paid,orders_07.csv
7197,51,35,2026-07-16,paid,orders_07.csv
7198,375,35,2026-07-16,cancelled,orders_07.csv
7199,13,10,2026-07-20,cancelled,orders_07.csv
7200,393,120,2026-07-16,paid,orders_07.csv
7201,311,35,2026-07-02,cancelled,orders_07.csv
7202,343,10,2026-07-09,fulfilled,orders_07.csv
7203,127,20,2026-07-29,cancelled,orders_07.csv
7204,194,10,2026-07-15,paid,orders_07.csv
7205,390,50,2026-07-21,cancelled,orders_07.csv
7206,170,20,2026-07-02,cancelled,orders_07.csv
7207,291,35,2026-07-08,cancelled,orders_07.csv
7208,338,10,2026-07-26,fulfilled,orders_07.csv
7209,283,80,2026-07-15,cancelled,orders_07.csv
7210,75,50,2026-07-31,fulfilled,orders_07.csv
7211,325,50,2026-07-10,paid,orders_07.csv
7212,149,80,2026-07-23,paid,orders_07.csv
7213,165,80,2026-07-05,paid,orders_07.csv
7214,126,10,2026-07-25,paid,orders_07.csv
7215,135,15,2026-07-26,fulfilled,orders_07.csv
7216,116,80,2026-07-27,cancelled,orders_07.csv
7217,395,20,2026-07-20,cancelled,orders_07.csv
7218,73,120,2026-07-19,paid,orders_07.csv
7219,225,50,2026-07-08,fulfilled,orders_07.csv
7220,178,15,2026-07-31,fulfilled,orders_07.csv
7221,286,120,2026-07-06,paid,orders_07.csv
7222,190,10,2026-07-30,cancelled,orders_07.csv
7223,253,10,2026-07-09,paid,orders_07.csv
7224,1,35,2026-07-06,cancelled,orders_07.csv
7225,383,10,2026-07-22,paid,orders_07.csv
7226,37,15,2026-07-11,fulfilled,orders_07.csv
7227,156,50,2026-07-05,paid,orders_07.csv
7228,63,120,2026-07-19,fulfilled,orders_07.csv
7229,385,15,2026-07-17,fulfilled,orders_07.csv
7230,62,15,2026-07-27,paid,orders_07.csv
7231,158,15,2026-07-26,paid,orders_07.csv
7232,133,10,2026-07-02,paid,orders_07.csv
7233,225,80,2026-07-25,cancelled,orders_07.csv
7234,168,120,2026-07-27,paid,orders_07.csv
7235,95,20,2026-07-30,fulfilled,orders_07.csv
7236,75,120,2026-07-22,cancelled,orders_07.csv
7237,142,120,2026-07-15,paid,orders_07.csv
7238,278,15,2026-07-20,paid,orders_07.csv
7239,191,15,2026-07-20,paid,orders_07.csv
7240,357,10,2026-07-23,paid,orders_07.csv
7241,399,20,2026-07-07,paid,orders_07.csv
7242,166,10,2026-07-10,paid,orders_07.csv
7243,396,80,2026-07-30,fulfilled,orders_07.csv
7244,277,15,2026-07-26,fulfilled,orders_07.csv
7245,48,20,2026-07-04,fulfilled,orders_07.csv
7246,93,15,2026-07-29,paid,orders_07.csv
7247,386,10,2026-07-03,paid,orders_07.csv
7248,342,35,2026-07-30,paid,orders_07.csv
7249,127,35,2026-07-05,paid,orders_07.csv
7250,210,80,2026-07-28,fulfilled,orders_07.csv
7251,16,35,2026-07-04,paid,orders_07.csv
7252,124,50,2026-07-07,fulfilled,orders_07.csv
7253,178,120,2026-07-23,fulfilled,orders_07.csv
7254,186,80,2026-07-18,paid,orders_07.csv
7255,198,10,2026-07-29,paid,orders_07.csv
7256,145,20,2026-07-14,paid,orders_07.csv
7257,224,20,2026-07-07,fulfilled,orders_07.csv
7258,97,120,2026-07-10,fulfilled,orders_07.csv
7259,195,50,2026-07-10,paid,orders_07.csv
7260,61,35,2026-07-31,paid,orders_07.csv
7261,228,120,2026-07-19,fulfilled,orders_07.csv
7262,254,20,2026-07-09,fulfilled,orders_07.csv
7263,119,50,2026-07-04,paid,orders_07.csv
7264,222,15,2026-07-17,paid,orders_07.csv
7265,196,120,2026-07-16,paid,orders_07.csv
7266,329,10,2026-07-13,cancelled,orders_07.csv
7267,371,80,2026-07-21,paid,orders_07.csv
7268,201,80,2026-07-30,paid,orders_07.csv
7269,211,50,2026-07-10,paid,orders_07.csv
7270,167,35,2026-07-10,fulfilled,orders_07.csv
7271,397,50,2026-07-10,fulfilled,orders_07.csv
7272,319,15,2026-07-20,paid,orders_07.csv
7273,131,80,2026-07-30,cancelled,orders_07.csv
7274,9,35,2026-07-28,paid,orders_07.csv
7275,275,120,2026-07-09,fulfilled,orders_07.csv
7276,110,35,2026-07-12,paid,orders_07.csv
7277,211,80,2026-07-15,paid,orders_07.csv
7278,350,80,2026-07-23,paid,orders_07.csv
7279,327,15,2026-07-03,paid,orders_07.csv
7280,104,35,2026-07-13,paid,orders_07.csv
7281,339,80,2026-07-19,fulfilled,orders_07.csv
7282,222,20,2026-07-21,fulfilled,orders_07.csv
7283,116,10,2026-07-04,paid,orders_07.csv
7284,59,50,2026-07-17,fulfilled,orders_07.csv
7285,212,80,2026-07-25,paid,orders_07.csv
7286,215,80,2026-07-19,paid,orders_07.csv
7287,321,50,2026-07-08,cancelled,orders_07.csv
7288,219,20,2026-07-18,paid,orders_07.csv
7289,162,35,2026-07-13,fulfilled,orders_07.csv
7290,256,50,2026-07-02,cancelled,orders_07.csv
7291,339,10,2026-07-07,paid,orders_07.csv
7292,178,20,2026-07-02,paid,orders_07.csv
7293,111,15,2026-07-29,fulfilled,orders_07.csv
7294,153,35,2026-07-25,cancelled,orders_07.csv
7295,273,10,2026-07-14,paid,orders_07.csv
7296,34,15,2026-07-24,paid,orders_07.csv
7297,48,35,2026-07-23,paid,orders_07.csv
7298,271,120,2026-07-30,paid,orders_07.csv
7299,35,15,2026-07-12,cancelled,orders_07.csv
7300,336,35,2026-07-11,paid,orders_07.csv
7301,23,10,2026-07-04,fulfilled,orders_07.csv
7302,18,120,2026-07-11,fulfilled,orders_07.csv
7303,373,20,2026-07-21,paid,orders_07.csv
7304,120,20,2026-07-15,paid,orders_07.csv
7305,93,15,2026-07-15,fulfilled,orders_07.csv
7306,367,20,2026-07-31,paid,orders_07.csv
7307,366,80,2026-07-20,fulfilled,orders_07.csv
7308,288,10,2026-07-25,paid,orders_07.csv
7309,186,80,2026-07-10,paid,orders_07.csv
7310,121,80,2026-07-18,paid,orders_07.csv
7311,172,35,2026-07-18,paid,orders_07.csv
7312,164,10,2026-07-20,paid,orders_07.csv
7313,354,120,2026-07-15,fulfilled,orders_07.csv
7314,324,80,2026-07-26,paid,orders_07.csv
7315,256,15,2026-07-10,cancelled,orders_07.csv
7316,113,20,2026-07-23,paid,orders_07.csv
7317,325,20,2026-07-24,cancelled,orders_07.csv
7318,245,50,2026-07-25,paid,orders_07.csv
7319,357,35,2026-07-27,paid,orders_07.csv
7320,6,50,2026-07-28,paid,orders_07.csv
7321,280,80,2026-07-19,fulfilled,orders_07.csv
7322,395,80,2026-07-21,paid,orders_07.csv
7323,107,35,2026-07-16,cancelled,orders_07.csv
7324,387,15,2026-07-20,fulfilled,orders_07.csv
7325,241,120,2026-07-02,paid,orders_07.csv
7326,242,120,2026-07-11,paid,orders_07.csv
7327,133,20,2026-07-23,paid,orders_07.csv
7328,389,35,2026-07-21,cancelled,orders_07.csv
7329,106,20,2026-07-22,cancelled,orders_07.csv
7330,307,15,2026-07-16,paid,orders_07.csv
7331,204,20,2026-07-10,paid,orders_07.csv
7332,152,20,2026-07-04,paid,orders_07.csv
7333,76,15,2026-07-19,fulfilled,orders_07.csv
7334,147,10,2026-07-24,paid,orders_07.csv
7335,302,15,2026-07-25,paid,orders_07.csv
7336,129,120,2026-07-10,cancelled,orders_07.csv
7337,139,80,2026-07-14,fulfilled,orders_07.csv
7338,146,120,2026-07-31,cancelled,orders_07.csv
7339,131,80,2026-07-11,paid,orders_07.csv
7340,170,15,2026-07-08,paid,orders_07.csv
7341,102,120,2026-07-25,fulfilled,orders_07.csv
7342,176,10,2026-07-09,paid,orders_07.csv
7343,7,50,2026-07-10,paid,orders_07.csv
7344,109,20,2026-07-05,paid,orders_07.csv
7345,189,20,2026-07-21,paid,orders_07.csv
7346,93,35,2026-07-17,paid,orders_07.csv
7347,297,35,2026-07-03,fulfilled,orders_07.csv
7348,188,50,2026-07-10,cancelled,orders_07.csv
7349,371,10,2026-07-25,paid,orders_07.csv
7350,319,120,2026-07-14,paid,orders_07.csv
7351,93,35,2026-07-18,fulfilled,orders_07.csv
7352,69,15,2026-07-11,paid,orders_07.csv
7353,354,10,2026-07-20,paid,orders_07.csv
7354,127,15,2026-07-30,paid,orders_07.csv
7355,359,50,2026-07-07,paid,orders_07.csv
7356,275,80,2026-07-05,fulfilled,orders_07.csv
7357,256,20,2026-07-12,paid,orders_07.csv
7358,341,80,2026-07-07,paid,orders_07.csv
7359,266,35,2026-07-14,paid,orders_07.csv
7360,365,20,2026-07-02,paid,orders_07.csv
7361,141,20,2026-07-03,paid,orders_07.csv
7362,77,50,2026-07-16,cancelled,orders_07.csv
7363,90,120,2026-07-29,paid,orders_07.csv
7364,319,15,2026-07-17,fulfilled,orders_07.csv
7365,156,15,2026-07-05,cancelled,orders_07.csv
7366,172,35,2026-07-25,paid,orders_07.csv
7367,246,20,2026-07-30,fulfilled,orders_07.csv
7368,396,20,2026-07-07,paid,orders_07.csv
7369,252,35,2026-07-31,paid,orders_07.csv
7370,280,50,2026-07-07,paid,orders_07.csv
7371,236,120,2026-07-23,paid,orders_07.csv
7372,392,10,2026-07-20,paid,orders_07.csv
7373,77,10,2026-07-31,paid,orders_07.csv
7374,287,80,2026-07-26,paid,orders_07.csv
7375,351,10,2026-07-12,fulfilled,orders_07.csv
7376,385,50,2026-07-04,paid,orders_07.csv
7377,321,35,2026-07-10,fulfilled,orders_07.csv
7378,139,120,2026-07-16,paid,orders_07.csv
7379,280,120,2026-07-10,paid,orders_07.csv
7380,251,15,2026-07-07,paid,orders_07.csv
7381,177,80,2026-07-07,cancelled,orders_07.csv
7382,97,80,2026-07-14,paid,orders_07.csv
7383,343,10,2026-07-31,cancelled,orders_07.csv
7384,373,10,2026-07-23,cancelled,orders_07.csv
7385,9,50,2026-07-05,fulfilled,orders_07.csv
7386,305,80,2026-07-15,paid,orders_07.csv
7387,15,35,2026-07-09,cancelled,orders_07.csv
7388,271,10,2026-07-09,paid,orders_07.csv
7389,237,15,2026-07-05,paid,orders_07.csv
7390,76,10,2026-07-08,cancelled,orders_07.csv
7391,68,35,2026-07-09,fulfilled,orders_07.csv
7392,2,35,2026-07-12,fulfilled,orders_07.csv
7393,30,50,2026-07-23,paid,orders_07.csv
7394,300,120,2026-07-16,paid,orders_07.csv
7395,357,15,2026-07-13,fulfilled,orders_07.csv
7396,252,15,2026-07-25,paid,orders_07.csv
7397,263,35,2026-07-25,paid,orders_07.csv
7398,216,20,2026-07-17,paid,orders_07.csv
7399,123,10,2026-07-03,fulfilled,orders_07.csv
7400,332,20,2026-07-30,cancelled,orders_07.csv
7401,262,50,2026-07-04,cancelled,orders_07.csv
7402,266,15,2026-07-06,paid,orders_07.csv
7403,48,20,2026-07-01,paid,orders_07.csv
7404,117,10,2026-07-11,paid,orders_07.csv
7405,93,10,2026-07-14,paid,orders_07.csv
7406,245,35,2026-07-30,paid,orders_07.csv
7407,209,20,2026-07-25,paid,orders_07.csv
7408,285,80,2026-07-05,cancelled,orders_07.csv
7409,398,35,2026-07-15,paid,orders_07.csv
7410,177,50,2026-07-02,paid,orders_07.csv
7411,172,10,2026-07-26,paid,orders_07.csv
7412,55,10,2026-07-15,paid,orders_07.csv
7413,267,120,2026-07-21,cancelled,orders_07.csv
7414,288,15,2026-07-19,paid,orders_07.csv
7415,138,50,2026-07-21,paid,orders_07.csv
7416,296,120,2026-07-16,fulfilled,orders_07.csv
7417,28,15,2026-07-19,paid,orders_07.csv
7418,322,35,2026-07-14,paid,orders_07.csv
7419,123,50,2026-07-14,cancelled,orders_07.csv
7420,201,15,2026-08-17,fulfilled,orders_08.csv
7421,191,20,2026-08-09,cancelled,orders_08.csv
7422,226,10,2026-08-03,paid,orders_08.csv
7423,59,35,2026-08-24,fulfilled,orders_08.csv
7424,90,50,2026-08-15,paid,orders_08.csv
7425,19,15,2026-08-12,cancelled,orders_08.csv
7426,78,120,2026-08-01,paid,orders_08.csv
7427,364,20,2026-08-31,fulfilled,orders_08.csv
7428,166,10,2026-08-22,paid,orders_08.csv
7429,343,15,2026-08-27,fulfilled,orders_08.csv
7430,358,120,2026-08-09,fulfilled,orders_08.csv
7431,199,10,2026-08-15,paid,orders_08.csv
7432,188,10,2026-08-06,paid,orders_08.csv
7433,362,80,2026-08-19,fulfilled,orders_08.csv
7434,75,10,2026-08-30,fulfilled,orders_08.csv
7435,111,10,2026-08-24,fulfilled,orders_08.csv
7436,297,35,2026-08-22,cancelled,orders_08.csv
7437,52,80,2026-08-05,cancelled,orders_08.csv
7438,216,35,2026-08-01,paid,orders_08.csv
7439,368,80,2026-08-17,paid,orders_08.csv
7440,118,35,2026-08-19,paid,orders_08.csv
7441,294,20,2026-08-07,paid,orders_08.csv
7442,314,120,2026-08-15,paid,orders_08.csv
7443,369,50,2026-08-24,paid,orders_08.csv
7444,373,10,2026-08-31,paid,orders_08.csv
7445,311,10,2026-08-28,paid,orders_08.csv
7446,211,50,2026-08-09,paid,orders_08.csv
7447,257,20,2026-08-21,paid,orders_08.csv
7448,64,20,2026-08-15,cancelled,orders_08.csv
7449,88,120,2026-08-07,paid,orders_08.csv
7450,317,15,2026-08-18,cancelled,orders_08.csv
7451,131,50,2026-08-09,paid,orders_08.csv
7452,372,15,2026-08-15,paid,orders_08.csv
7453,360,35,2026-08-09,paid,orders_08.csv
7454,312,15,2026-08-30,cancelled,orders_08.csv
7455,228,15,2026-08-07,paid,orders_08.csv
7456,171,15,2026-08-24,fulfilled,orders_08.csv
7457,389,20,2026-08-27,fulfilled,orders_08.csv
7458,244,35,2026-08-28,paid,orders_08.csv
7459,187,10,2026-08-25,fulfilled,orders_08.csv
7460,331,20,2026-08-27,paid,orders_08.csv
7461,269,20,2026-08-30,paid,orders_08.csv
7462,140,120,2026-08-13,paid,orders_08.csv
7463,185,80,2026-08-05,fulfilled,orders_08.csv
7464,270,50,2026-08-17,paid,orders_08.csv
7465,91,80,2026-08-05,paid,orders_08.csv
7466,395,50,2026-08-22,paid,orders_08.csv
7467,345,80,2026-08-01,fulfilled,orders_08.csv
7468,36,20,2026-08-06,paid,orders_08.csv
7469,56,120,2026-08-07,paid,orders_08.csv
7470,256,20,2026-08-18,cancelled,orders_08.csv
7471,150,120,2026-08-08,paid,orders_08.csv
7472,178,80,2026-08-26,paid,orders_08.csv
7473,382,50,2026-08-23,paid,orders_08.csv
7474,23,10,2026-08-19,paid,orders_08.csv
7475,133,120,2026-08-19,cancelled,orders_08.csv
7476,323,50,2026-08-03,fulfilled,orders_08.csv
7477,124,35,2026-08-07,cancelled,orders_08.csv
7478,175,35,2026-08-25,paid,orders_08.csv
7479,157,20,2026-08-28,paid,orders_08.csv
7480,335,120,2026-08-13,paid,orders_08.csv
7481,284,20,2026-08-26,paid,orders_08.csv
7482,102,120,2026-08-24,cancelled,orders_08.csv
7483,364,80,2026-08-21,paid,orders_08.csv
7484,141,20,2026-08-10,cancelled,orders_08.csv
7485,120,120,2026-08-03,paid,orders_08.csv
7486,314,35,2026-08-03,paid,orders_08.csv
7487,96,80,2026-08-19,fulfilled,orders_08.csv
7488,138,15,2026-08-11,paid,orders_08.csv
7489,323,80,2026-08-28,cancelled,orders_08.csv
7490,152,15,2026-08-17,cancelled,orders_08.csv
7491,57,50,2026-08-28,paid,orders_08.csv
7492,124,20,2026-08-01,cancelled,orders_08.csv
7493,244,15,2026-08-17,cancelled,orders_08.csv
7494,373,35,2026-08-31,cancelled,orders_08.csv
7495,85,10,2026-08-15,paid,orders_08.csv
7496,45,10,2026-08-27,paid,orders_08.csv
7497,74,10,2026-08-27,cancelled,orders_08.csv
7498,95,15,2026-08-02,paid,orders_08.csv
7499,353,10,2026-08-10,cancelled,orders_08.csv
7500,81,120,2026-08-22,fulfilled,orders_08.csv
7501,80,50,2026-08-21,paid,orders_08.csv
7502,90,15,2026-08-11,fulfilled,orders_08.csv
7503,229,35,2026-08-06,paid,orders_08.csv
7504,156,35,2026-08-05,paid,orders_08.csv
7505,166,50,2026-08-18,paid,orders_08.csv
7506,190,120,2026-08-13,paid,orders_08.csv
7507,169,50,2026-08-17,fulfilled,orders_08.csv
7508,383,10,2026-08-28,cancelled,orders_08.csv
7509,322,50,2026-08-18,paid,orders_08.csv
7510,131,50,2026-08-19,paid,orders_08.csv
7511,169,20,2026-08-05,fulfilled,orders_08.csv
7512,276,10,2026-08-01,paid,orders_08.csv
7513,362,120,2026-08-06,fulfilled,orders_08.csv
7514,134,20,2026-08-26,paid,orders_08.csv
7515,384,120,2026-08-05,paid,orders_08.csv
7516,64,20,2026-08-23,paid,orders_08.csv
7517,334,15,2026-08-11,fulfilled,orders_08.csv
7518,335,120,2026-08-15,paid,orders_08.csv
7519,156,20,2026-08-11,cancelled,orders_08.csv
7520,382,20,2026-08-04,paid,orders_08.csv
7521,365,80,2026-08-12,cancelled,orders_08.csv
7522,351,120,2026-08-13,paid,orders_08.csv
7523,284,50,2026-08-25,cancelled,orders_08.csv
7524,231,20,2026-08-12,paid,orders_08.csv
7525,37,120,2026-08-29,paid,orders_08.csv
7526,44,80,2026-08-21,paid,orders_08.csv
7527,221,10,2026-08-22,paid,orders_08.csv
7528,271,20,2026-08-26,cancelled,orders_08.csv
7529,277,15,2026-08-30,fulfilled,orders_08.csv
7530,286,50,2026-08-30,paid,orders_08.csv
7531,128,10,2026-08-05,paid,orders_08.csv
7532,345,35,2026-08-31,cancelled,orders_08.csv
7533,355,10,2026-08-26,paid,orders_08.csv
7534,116,10,2026-08-02,paid,orders_08.csv
7535,399,15,2026-08-25,fulfilled,orders_08.csv
7536,395,15,2026-08-18,paid,orders_08.csv
7537,271,120,2026-08-28,cancelled,orders_08.csv
7538,246,120,2026-08-13,paid,orders_08.csv
7539,119,80,2026-08-01,paid,orders_08.csv
7540,287,80,2026-08-10,fulfilled,orders_08.csv
7541,18,20,2026-08-30,fulfilled,orders_08.csv
7542,65,80,2026-08-29,cancelled,orders_08.csv
7543,67,50,2026-08-15,cancelled,orders_08.csv
7544,339,50,2026-08-26,paid,orders_08.csv
7545,334,10,2026-08-31,fulfilled,orders_08.csv
7546,282,15,2026-08-18,paid,orders_08.csv
7547,245,80,2026-08-11,fulfilled,orders_08.csv
7548,291,10,2026-08-12,fulfilled,orders_08.csv
7549,64,35,2026-08-02,paid,orders_08.csv
7550,292,35,2026-08-03,paid,orders_08.csv
7551,134,80,2026-08-08,fulfilled,orders_08.csv
7552,41,35,2026-08-21,cancelled,orders_08.csv
7553,287,35,2026-08-27,cancelled,orders_08.csv
7554,272,50,2026-08-10,cancelled,orders_08.csv
7555,250,120,2026-08-12,paid,orders_08.csv
7556,221,10,2026-08-27,fulfilled,orders_08.csv
7557,261,20,2026-08-04,paid,orders_08.csv
7558,217,80,2026-08-18,paid,orders_08.csv
7559,123,15,2026-08-31,paid,orders_08.csv
7560,175,10,2026-08-08,fulfilled,orders_08.csv
7561,147,10,2026-08-09,paid,orders_08.csv
7562,215,20,2026-08-17,cancelled,orders_08.csv
7563,306,80,2026-08-13,paid,orders_08.csv
7564,377,50,2026-08-25,paid,orders_08.csv
7565,233,35,2026-08-16,paid,orders_08.csv
7566,21,10,2026-08-13,fulfilled,orders_08.csv
7567,316,20,2026-08-31,paid,orders_08.csv
7568,260,10,2026-08-21,fulfilled,orders_08.csv
7569,90,15,2026-08-28,paid,orders_08.csv
7570,378,50,2026-08-12,cancelled,orders_08.csv
7571,169,10,2026-08-04,cancelled,orders_08.csv
7572,179,35,2026-08-12,cancelled,orders_08.csv
7573,58,120,2026-08-25,paid,orders_08.csv
7574,368,20,2026-08-11,paid,orders_08.csv
7575,91,120,2026-08-05,paid,orders_08.csv
7576,33,35,2026-08-19,cancelled,orders_08.csv
7577,161,15,2026-08-24,cancelled,orders_08.csv
7578,2,20,2026-08-04,paid,orders_08.csv
7579,274,20,2026-08-14,paid,orders_08.csv
7580,274,10,2026-08-09,paid,orders_08.csv
7581,274,20,2026-08-31,cancelled,orders_08.csv
7582,185,10,2026-08-21,cancelled,orders_08.csv
7583,364,35,2026-08-18,cancelled,orders_08.csv
7584,388,10,2026-08-09,paid,orders_08.csv
7585,13,20,2026-08-14,paid,orders_08.csv
7586,189,10,2026-08-01,cancelled,orders_08.csv
7587,122,50,2026-08-02,cancelled,orders_08.csv
7588,235,10,2026-08-21,cancelled,orders_08.csv
7589,174,10,2026-08-30,cancelled,orders_08.csv
7590,131,20,2026-08-23,paid,orders_08.csv
7591,40,80,2026-08-05,fulfilled,orders_08.csv
7592,121,15,2026-08-15,cancelled,orders_08.csv
7593,141,50,2026-08-26,paid,orders_08.csv
7594,374,35,2026-08-27,paid,orders_08.csv
7595,318,50,2026-08-14,cancelled,orders_08.csv
7596,102,10,2026-08-28,paid,orders_08.csv
7597,275,120,2026-08-18,cancelled,orders_08.csv
7598,75,120,2026-08-02,fulfilled,orders_08.csv
7599,95,35,2026-08-11,fulfilled,orders_08.csv
7600,303,20,2026-08-28,fulfilled,orders_08.csv
7601,2,80,2026-08-07,paid,orders_08.csv
7602,366,50,2026-08-27,paid,orders_08.csv
7603,131,35,2026-08-05,cancelled,orders_08.csv
7604,348,80,2026-08-28,paid,orders_08.csv
7605,3,120,2026-08-23,paid,orders_08.csv
7606,187,20,2026-08-20,paid,orders_08.csv
7607,221,20,2026-08-02,paid,orders_08.csv
7608,302,10,2026-08-08,fulfilled,orders_08.csv
7609,39,80,2026-08-07,paid,orders_08.csv
7610,118,15,2026-08-04,paid,orders_08.csv
7611,300,10,2026-08-15,paid,orders_08.csv
7612,162,35,2026-08-14,paid,orders_08.csv
7613,206,35,2026-08-26,paid,orders_08.csv
7614,195,120,2026-08-11,fulfilled,orders_08.csv
7615,275,10,2026-08-06,paid,orders_08.csv
7616,288,35,2026-08-15,paid,orders_08.csv
7617,383,15,2026-08-03,paid,orders_08.csv
7618,66,10,2026-08-28,cancelled,orders_08.csv
7619,389,35,2026-08-22,fulfilled,orders_08.csv
7620,194,80,2026-08-16,paid,orders_08.csv
7621,217,35,2026-08-20,paid,orders_08.csv
7622,238,20,2026-08-30,cancelled,orders_08.csv
7623,308,50,2026-08-04,paid,orders_08.csv
7624,191,15,2026-08-11,cancelled,orders_08.csv
7625,379,15,2026-08-21,paid,orders_08.csv
7626,354,120,2026-08-15,fulfilled,orders_08.csv
7627,254,35,2026-08-17,cancelled,orders_08.csv
7628,74,15,2026-08-21,paid,orders_08.csv
7629,170,10,2026-08-12,paid,orders_08.csv
7630,61,35,2026-08-10,paid,orders_08.csv
7631,237,80,2026-08-24,fulfilled,orders_08.csv
7632,207,10,2026-08-01,cancelled,orders_08.csv
7633,267,35,2026-08-02,paid,orders_08.csv
7634,270,80,2026-08-01,paid,orders_08.csv
7635,387,120,2026-08-07,paid,orders_08.csv
7636,167,15,2026-08-14,paid,orders_08.csv
7637,318,15,2026-08-21,cancelled,orders_08.csv
7638,135,15,2026-08-30,paid,orders_08.csv
7639,128,20,2026-08-31,cancelled,orders_08.csv
7640,19,80,2026-08-02,paid,orders_08.csv
7641,313,80,2026-08-01,paid,orders_08.csv
7642,399,35,2026-08-01,cancelled,orders_08.csv
7643,216,80,2026-08-27,fulfilled,orders_08.csv
7644,9,80,2026-08-12,cancelled,orders_08.csv
7645,232,15,2026-08-23,cancelled,orders_08.csv
7646,81,120,2026-08-02,fulfilled,orders_08.csv
7647,293,20,2026-08-11,cancelled,orders_08.csv
7648,11,20,2026-08-15,paid,orders_08.csv
7649,179,10,2026-08-29,paid,orders_08.csv
7650,38,35,2026-08-25,paid,orders_08.csv
7651,214,120,2026-08-17,paid,orders_08.csv
7652,372,35,2026-08-26,paid,orders_08.csv
7653,62,20,2026-08-26,paid,orders_08.csv
7654,48,120,2026-08-13,cancelled,orders_08.csv
7655,323,50,2026-08-27,paid,orders_08.csv
7656,114,10,2026-08-13,paid,orders_08.csv
7657,1,80,2026-08-20,cancelled,orders_08.csv
7658,356,120,2026-08-14,cancelled,orders_08.csv
7659,85,50,2026-08-19,paid,orders_08.csv
7660,91,120,2026-08-03,paid,orders_08.csv
7661,90,20,2026-08-08,paid,orders_08.csv
7662,31,20,2026-08-13,fulfilled,orders_08.csv
7663,66,50,2026-08-22,fulfilled,orders_08.csv
7664,360,20,2026-08-07,cancelled,orders_08.csv
7665,393,15,2026-08-01,paid,orders_08.csv
7666,106,80,2026-08-14,fulfilled,orders_08.csv
7667,119,20,2026-08-23,paid,orders_08.csv
7668,174,80,2026-08-28,fulfilled,orders_08.csv
7669,118,35,2026-08-19,cancelled,orders_08.csv
7670,40,10,2026-08-13,paid,orders_08.csv
7671,160,50,2026-08-04,paid,orders_08.csv
7672,25,120,2026-08-16,paid,orders_08.csv
7673,356,50,2026-08-24,paid,orders_08.csv
7674,19,80,2026-08-07,paid,orders_08.csv
7675,318,50,2026-08-27,paid,orders_08.csv
7676,290,35,2026-08-20,fulfilled,orders_08.csv
7677,138,20,2026-08-08,paid,orders_08.csv
7678,174,80,2026-08-21,fulfilled,orders_08.csv
7679,89,35,2026-08-30,paid,orders_08.csv
7680,261,35,2026-08-31,paid,orders_08.csv
7681,155,15,2026-08-28,cancelled,orders_08.csv
7682,247,20,2026-08-08,cancelled,orders_08.csv
7683,327,50,2026-08-22,cancelled,orders_08.csv
7684,283,20,2026-08-26,paid,orders_08.csv
7685,278,120,2026-08-24,paid,orders_08.csv
7686,58,15,2026-08-03,paid,orders_08.csv
7687,11,15,2026-08-28,fulfilled,orders_08.csv
7688,4,50,2026-08-06,paid,orders_08.csv
7689,196,120,2026-08-12,paid,orders_08.csv
7690,2,120,2026-08-16,paid,orders_08.csv
7691,125,120,2026-08-22,paid,orders_08.csv
7692,213,20,2026-08-05,paid,orders_08.csv
7693,166,15,2026-08-11,paid,orders_08.csv
7694,159,80,2026-08-17,cancelled,orders_08.csv
7695,340,10,2026-08-16,paid,orders_08.csv
7696,242,35,2026-08-03,paid,orders_08.csv
7697,248,15,2026-08-27,paid,orders_08.csv
7698,257,35,2026-08-31,cancelled,orders_08.csv
7699,3,20,2026-08-04,paid,orders_08.csv
7700,278,80,2026-08-20,paid,orders_08.csv
7701,309,50,2026-08-21,fulfilled,orders_08.csv
7702,36,80,2026-08-17,paid,orders_08.csv
7703,294,120,2026-08-07,paid,orders_08.csv
7704,394,10,2026-08-03,paid,orders_08.csv
7705,178,10,2026-08-15,paid,orders_08.csv
7706,196,20,2026-08-19,paid,orders_08.csv
7707,208,50,2026-08-09,paid,orders_08.csv
7708,214,15,2026-08-22,paid,orders_08.csv
7709,211,10,2026-08-13,fulfilled,orders_08.csv
7710,272,15,2026-08-26,paid,orders_08.csv
7711,143,15,2026-08-05,paid,orders_08.csv
7712,400,120,2026-08-17,paid,orders_08.csv
7713,274,15,2026-08-16,paid,orders_08.csv
7714,95,15,2026-08-08,fulfilled,orders_08.csv
7715,241,20,2026-08-03,paid,orders_08.csv
7716,339,10,2026-08-21,paid,orders_08.csv
7717,303,50,2026-08-03,paid,orders_08.csv
7718,346,10,2026-08-01,cancelled,orders_08.csv
7719,308,120,2026-08-19,paid,orders_08.csv
7720,396,20,2026-08-04,paid,orders_08.csv
7721,302,35,2026-08-30,cancelled,orders_08.csv
7722,175,20,2026-08-31,fulfilled,orders_08.csv
7723,217,50,2026-08-19,cancelled,orders_08.csv
7724,355,15,2026-08-27,cancelled,orders_08.csv
7725,368,120,2026-08-30,paid,orders_08.csv
7726,390,15,2026-08-10,paid,orders_08.csv
7727,292,35,2026-08-06,fulfilled,orders_08.csv
7728,119,35,2026-08-30,fulfilled,orders_08.csv
7729,377,80,2026-08-08,paid,orders_08.csv
7730,219,35,2026-08-16,paid,orders_08.csv
7731,155,35,2026-08-24,paid,orders_08.csv
7732,343,120,2026-08-23,fulfilled,orders_08.csv
7733,23,35,2026-08-23,fulfilled,orders_08.csv
7734,257,10,2026-08-12,fulfilled,orders_08.csv
7735,273,120,2026-08-06,paid,orders_08.csv
7736,54,35,2026-08-10,fulfilled,orders_08.csv
7737,37,15,2026-08-03,fulfilled,orders_08.csv
7738,179,35,2026-08-15,cancelled,orders_08.csv
7739,272,20,2026-08-09,fulfilled,orders_08.csv
7740,69,35,2026-08-20,paid,orders_08.csv
7741,287,10,2026-08-21,paid,orders_08.csv
7742,77,20,2026-08-10,paid,orders_08.csv
7743,381,35,2026-08-11,fulfilled,orders_08.csv
7744,3,15,2026-08-20,paid,orders_08.csv
7745,106,20,2026-08-31,paid,orders_08.csv
7746,170,35,2026-08-13,paid,orders_08.csv
7747,289,35,2026-08-31,cancelled,orders_08.csv
7748,266,10,2026-08-19,cancelled,orders_08.csv
7749,121,20,2026-08-20,paid,orders_08.csv
7750,74,50,2026-08-24,cancelled,orders_08.csv
7751,35,80,2026-08-19,paid,orders_08.csv
7752,214,80,2026-08-12,fulfilled,orders_08.csv
7753,193,50,2026-08-10,paid,orders_08.csv
7754,142,50,2026-08-07,paid,orders_08.csv
7755,249,20,2026-08-08,paid,orders_08.csv
7756,381,50,2026-08-16,paid,orders_08.csv
7757,108,35,2026-08-31,paid,orders_08.csv
7758,259,120,2026-08-14,paid,orders_08.csv
7759,37,10,2026-08-26,paid,orders_08.csv
7760,253,120,2026-08-12,paid,orders_08.csv
7761,41,35,2026-08-16,paid,orders_08.csv
7762,78,35,2026-08-09,paid,orders_08.csv
7763,84,80,2026-08-02,paid,orders_08.csv
7764,255,120,2026-08-19,cancelled,orders_08.csv
7765,115,35,2026-08-05,paid,orders_08.csv
7766,4,10,2026-08-15,fulfilled,orders_08.csv
7767,370,80,2026-08-09,paid,orders_08.csv
7768,313,20,2026-08-17,paid,orders_08.csv
7769,150,50,2026-08-31,paid,orders_08.csv
7770,326,15,2026-08-09,paid,orders_08.csv
7771,71,50,2026-08-21,cancelled,orders_08.csv
7772,299,35,2026-08-30,paid,orders_08.csv
7773,5,15,2026-08-16,paid,orders_08.csv
7774,276,20,2026-08-23,paid,orders_08.csv
7775,27,20,2026-08-10,fulfilled,orders_08.csv
7776,118,35,2026-08-03,paid,orders_08.csv
7777,80,20,2026-08-15,paid,orders_08.csv
7778,127,50,2026-08-05,paid,orders_08.csv
7779,231,15,2026-08-29,paid,orders_08.csv
7780,234,20,2026-08-11,cancelled,orders_08.csv
7781,93,15,2026-08-13,paid,orders_08.csv
7782,207,10,2026-08-09,cancelled,orders_08.csv
7783,49,10,2026-08-16,paid,orders_08.csv
7784,83,15,2026-08-14,paid,orders_08.csv
7785,121,10,2026-08-08,paid,orders_08.csv
7786,335,10,2026-08-03,fulfilled,orders_08.csv
7787,267,20,2026-08-31,paid,orders_08.csv
7788,358,10,2026-08-23,cancelled,orders_08.csv
7789,277,50,2026-08-05,paid,orders_08.csv
7790,297,80,2026-08-16,fulfilled,orders_08.csv
7791,168,10,2026-08-27,paid,orders_08.csv
7792,45,10,2026-08-23,fulfilled,orders_08.csv
7793,173,10,2026-08-04,paid,orders_08.csv
7794,305,80,2026-08-09,cancelled,orders_08.csv
7795,25,20,2026-08-31,paid,orders_08.csv
7796,321,120,2026-08-04,fulfilled,orders_08.csv
7797,125,50,2026-08-31,fulfilled,orders_08.csv
7798,110,15,2026-08-04,paid,orders_08.csv
7799,313,15,2026-08-01,cancelled,orders_08.csv
7800,354,10,2026-08-25,paid,orders_08.csv
7801,90,20,2026-08-03,cancelled,orders_08.csv
7802,108,120,2026-08-09,paid,orders_08.csv
7803,173,15,2026-08-04,cancelled,orders_08.csv
7804,4,15,2026-08-20,cancelled,orders_08.csv
7805,315,35,2026-08-07,cancelled,orders_08.csv
7806,19,10,2026-08-17,paid,orders_08.csv
7807,92,80,2026-08-08,paid,orders_08.csv
7808,380,10,2026-08-03,paid,orders_08.csv
7809,375,120,2026-08-09,fulfilled,orders_08.csv
7810,205,20,2026-08-18,fulfilled,orders_08.csv
7811,17,50,2026-08-31,paid,orders_08.csv
7812,290,35,2026-08-03,paid,orders_08.csv
7813,348,35,2026-08-12,fulfilled,orders_08.csv
7814,196,50,2026-08-19,fulfilled,orders_08.csv
7815,27,50,2026-08-06,paid,orders_08.csv
7816,243,10,2026-08-19,paid,orders_08.csv
7817,260,20,2026-08-01,paid,orders_08.csv
7818,307,35,2026-08-18,fulfilled,orders_08.csv
7819,323,10,2026-08-30,paid,orders_08.csv
7820,132,15,2026-08-04,cancelled,orders_08.csv
7821,273,120,2026-08-01,paid,orders_08.csv
7822,392,120,2026-08-13,fulfilled,orders_08.csv
7823,183,20,2026-08-08,paid,orders_08.csv
7824,155,80,2026-08-05,paid,orders_08.csv
7825,159,10,2026-08-08,cancelled,orders_08.csv
7826,319,10,2026-08-21,paid,orders_08.csv
7827,348,20,2026-08-28,paid,orders_08.csv
7828,227,20,2026-08-20,paid,orders_08.csv
7829,194,20,2026-08-06,paid,orders_08.csv
7830,46,80,2026-08-26,fulfilled,orders_08.csv
7831,53,10,2026-08-19,paid,orders_08.csv
7832,132,120,2026-08-17,paid,orders_08.csv
7833,328,80,2026-08-10,cancelled,orders_08.csv
7834,249,50,2026-08-16,fulfilled,orders_08.csv
7835,10,50,2026-08-16,paid,orders_08.csv
7836,17,35,2026-08-10,paid,orders_08.csv
7837,250,35,2026-08-30,paid,orders_08.csv
7838,182,15,2026-08-11,paid,orders_08.csv
7839,10,50,2026-08-20,cancelled,orders_08.csv
7840,184,15,2026-08-16,paid,orders_08.csv
7841,201,10,2026-08-03,paid,orders_08.csv
7842,196,50,2026-08-23,paid,orders_08.csv
7843,318,50,2026-08-21,paid,orders_08.csv
7844,197,35,2026-08-02,cancelled,orders_08.csv
7845,10,50,2026-08-27,paid,orders_08.csv
7846,177,10,2026-08-02,paid,orders_08.csv
7847,398,15,2026-08-18,paid,orders_08.csv
7848,331,120,2026-08-23,paid,orders_08.csv
7849,238,120,2026-08-09,fulfilled,orders_08.csv
7850,346,15,2026-08-11,paid,orders_08.csv
7851,298,80,2026-08-28,paid,orders_08.csv
7852,61,10,2026-08-01,cancelled,orders_08.csv
7853,398,50,2026-08-28,fulfilled,orders_08.csv
7854,54,50,2026-08-29,cancelled,orders_08.csv
7855,94,120,2026-08-11,paid,orders_08.csv
7856,77,35,2026-08-30,paid,orders_08.csv
7857,337,120,2026-08-29,paid,orders_08.csv
7858,73,120,2026-08-29,paid,orders_08.csv
7859,298,50,2026-08-03,fulfilled,orders_08.csv
7860,185,35,2026-08-30,paid,orders_08.csv
7861,361,15,2026-08-11,cancelled,orders_08.csv
7862,74,35,2026-08-24,cancelled,orders_08.csv
7863,131,80,2026-08-11,paid,orders_08.csv
7864,114,35,2026-08-23,cancelled,orders_08.csv
7865,216,20,2026-08-09,cancelled,orders_08.csv
7866,83,15,2026-08-08,paid,orders_08.csv
7867,187,80,2026-08-16,fulfilled,orders_08.csv
7868,391,20,2026-08-03,fulfilled,orders_08.csv
7869,137,120,2026-08-02,paid,orders_08.csv
7870,44,10,2026-08-04,fulfilled,orders_08.csv
7871,398,20,2026-08-05,paid,orders_08.csv
7872,318,35,2026-08-23,fulfilled,orders_08.csv
7873,341,15,2026-08-26,cancelled,orders_08.csv
7874,94,10,2026-08-19,fulfilled,orders_08.csv
7875,340,20,2026-08-05,paid,orders_08.csv
7876,59,50,2026-08-28,cancelled,orders_08.csv
7877,364,35,2026-08-27,fulfilled,orders_08.csv
7878,197,50,2026-08-05,paid,orders_08.csv
7879,180,35,2026-08-22,paid,orders_08.csv
7880,261,10,2026-08-09,paid,orders_08.csv
7881,251,120,2026-08-06,paid,orders_08.csv
7882,225,120,2026-08-10,paid,orders_08.csv
7883,82,50,2026-08-21,paid,orders_08.csv
7884,278,120,2026-08-10,paid,orders_08.csv
7885,6,35,2026-08-09,paid,orders_08.csv
7886,285,10,2026-08-12,cancelled,orders_08.csv
7887,137,35,2026-08-22,fulfilled,orders_08.csv
7888,262,35,2026-08-18,paid,orders_08.csv
7889,184,10,2026-08-02,paid,orders_08.csv
7890,32,35,2026-08-18,paid,orders_08.csv
7891,115,120,2026-08-27,paid,orders_08.csv
7892,12,50,2026-08-11,paid,orders_08.csv
7893,310,50,2026-08-09,paid,orders_08.csv
7894,51,20,2026-08-04,paid,orders_08.csv
7895,277,50,2026-08-03,paid,orders_08.csv
7896,238,120,2026-08-31,paid,orders_08.csv
7897,142,120,2026-08-12,paid,orders_08.csv
7898,308,120,2026-08-24,paid,orders_08.csv
7899,349,80,2026-08-03,paid,orders_08.csv
7900,218,20,2026-08-13,cancelled,orders_08.csv
7901,270,120,2026-08-12,paid,orders_08.csv
7902,280,20,2026-08-29,paid,orders_08.csv
7903,399,50,2026-08-01,cancelled,orders_08.csv
7904,253,10,2026-08-03,paid,orders_08.csv
7905,369,20,2026-08-29,cancelled,orders_08.csv
7906,8,15,2026-08-16,cancelled,orders_08.csv
7907,107,10,2026-08-21,paid,orders_08.csv
7908,264,80,2026-08-18,cancelled,orders_08.csv
7909,67,120,2026-08-06,paid,orders_08.csv
7910,70,20,2026-08-27,paid,orders_08.csv
7911,240,120,2026-08-18,cancelled,orders_08.csv
7912,174,10,2026-08-06,paid,orders_08.csv
7913,381,120,2026-08-16,paid,orders_08.csv
7914,247,50,2026-08-10,paid,orders_08.csv
7915,32,35,2026-08-02,paid,orders_08.csv
7916,40,50,2026-08-24,paid,orders_08.csv
7917,199,20,2026-08-12,paid,orders_08.csv
7918,108,80,2026-08-18,fulfilled,orders_08.csv
7919,236,120,2026-08-18,cancelled,orders_08.csv
7920,335,50,2026-08-09,fulfilled,orders_08.csv
7921,106,15,2026-08-05,cancelled,orders_08.csv
7922,44,120,2026-08-17,fulfilled,orders_08.csv
7923,23,10,2026-08-14,fulfilled,orders_08.csv
7924,71,120,2026-08-30,paid,orders_08.csv
7925,282,15,2026-08-21,paid,orders_08.csv
7926,216,10,2026-08-17,fulfilled,orders_08.csv
7927,365,35,2026-08-14,paid,orders_08.csv
7928,267,120,2026-08-13,paid,orders_08.csv
7929,263,15,2026-08-02,paid,orders_08.csv
7930,281,20,2026-08-25,paid,orders_08.csv
7931,178,10,2026-08-24,paid,orders_08.csv
7932,187,15,2026-08-22,paid,orders_08.csv
7933,222,15,2026-08-30,paid,orders_08.csv
7934,274,10,2026-08-18,paid,orders_08.csv
7935,343,35,2026-08-29,fulfilled,orders_08.csv
7936,363,20,2026-08-21,paid,orders_08.csv
7937,234,50,2026-08-08,cancelled,orders_08.csv
7938,368,50,2026-08-12,fulfilled,orders_08.csv
7939,44,20,2026-08-14,paid,orders_08.csv
7940,76,20,2026-08-16,paid,orders_08.csv
7941,94,80,2026-08-20,paid,orders_08.csv
7942,120,120,2026-08-08,paid,orders_08.csv
7943,94,35,2026-08-27,paid,orders_08.csv
7944,350,80,2026-08-23,cancelled,orders_08.csv
7945,129,10,2026-08-25,paid,orders_08.csv
7946,253,35,2026-08-22,cancelled,orders_08.csv
7947,337,50,2026-08-25,fulfilled,orders_08.csv
7948,47,120,2026-08-24,paid,orders_08.csv
7949,192,10,2026-08-16,paid,orders_08.csv
7950,205,120,2026-08-03,paid,orders_08.csv
7951,192,20,2026-08-28,paid,orders_08.csv
7952,130,10,2026-08-17,paid,orders_08.csv
7953,66,10,2026-08-28,cancelled,orders_08.csv
7954,192,120,2026-08-08,fulfilled,orders_08.csv
7955,86,120,2026-08-31,fulfilled,orders_08.csv
7956,67,15,2026-08-01,paid,orders_08.csv
7957,147,50,2026-08-28,paid,orders_08.csv
7958,161,35,2026-08-20,paid,orders_08.csv
7959,298,15,2026-08-14,cancelled,orders_08.csv
7960,141,15,2026-08-16,paid,orders_08.csv
7961,220,50,2026-08-09,cancelled,orders_08.csv
7962,393,20,2026-08-29,cancelled,orders_08.csv
7963,142,10,2026-08-21,paid,orders_08.csv
7964,332,15,2026-08-07,cancelled,orders_08.csv
7965,167,10,2026-08-25,paid,orders_08.csv
7966,250,50,2026-08-05,paid,orders_08.csv
7967,95,50,2026-08-13,paid,orders_08.csv
7968,25,15,2026-08-07,paid,orders_08.csv
7969,71,10,2026-08-21,cancelled,orders_08.csv
7970,363,50,2026-08-03,fulfilled,orders_08.csv
7971,58,50,2026-08-12,fulfilled,orders_08.csv
7972,201,80,2026-08-11,cancelled,orders_08.csv
7973,216,80,2026-08-02,cancelled,orders_08.csv
7974,23,35,2026-08-18,cancelled,orders_08.csv
7975,178,10,2026-08-29,paid,orders_08.csv
7976,96,120,2026-08-31,fulfilled,orders_08.csv
7977,309,10,2026-08-30,cancelled,orders_08.csv
7978,103,50,2026-08-22,paid,orders_08.csv
7979,377,120,2026-08-05,paid,orders_08.csv
7980,259,10,2026-08-19,fulfilled,orders_08.csv
7981,85,15,2026-08-01,cancelled,orders_08.csv
7982,288,80,2026-08-04,fulfilled,orders_08.csv
7983,91,10,2026-08-17,fulfilled,orders_08.csv
7984,251,120,2026-08-31,paid,orders_08.csv
7985,244,10,2026-08-07,paid,orders_08.csv
7986,208,120,2026-08-04,paid,orders_08.csv
7987,298,35,2026-08-19,paid,orders_08.csv
7988,360,35,2026-08-02,paid,orders_08.csv
7989,354,35,2026-08-13,cancelled,orders_08.csv
7990,365,35,2026-08-03,cancelled,orders_08.csv
7991,240,80,2026-08-10,paid,orders_08.csv
7992,189,50,2026-08-13,cancelled,orders_08.csv
7993,285,50,2026-08-25,paid,orders_08.csv
7994,253,10,2026-08-09,paid,orders_08.csv
7995,75,20,2026-08-31,cancelled,orders_08.csv
7996,8,80,2026-08-27,fulfilled,orders_08.csv
7997,319,120,2026-08-27,cancelled,orders_08.csv
7998,203,20,2026-08-15,fulfilled,orders_08.csv
7999,277,50,2026-08-21,paid,orders_08.csv
8000,7,15,2026-08-02,fulfilled,orders_08.csv
8001,50,50,2026-08-20,paid,orders_08.csv
8002,19,50,2026-08-03,paid,orders_08.csv
8003,69,20,2026-08-03,fulfilled,orders_08.csv
8004,306,10,2026-08-26,cancelled,orders_08.csv
8005,376,50,2026-08-12,paid,orders_08.csv
8006,214,35,2026-08-18,paid,orders_08.csv
8007,95,80,2026-08-14,paid,orders_08.csv
8008,355,35,2026-08-25,paid,orders_08.csv
8009,248,20,2026-08-18,paid,orders_08.csv
8010,313,10,2026-08-04,cancelled,orders_08.csv
8011,387,80,2026-08-18,cancelled,orders_08.csv
8012,186,80,2026-08-06,fulfilled,orders_08.csv
8013,104,35,2026-08-26,paid,orders_08.csv
8014,241,15,2026-08-28,paid,orders_08.csv
8015,313,50,2026-08-11,paid,orders_08.csv
8016,213,20,2026-08-15,fulfilled,orders_08.csv
8017,7,35,2026-08-13,fulfilled,orders_08.csv
8018,248,35,2026-08-08,fulfilled,orders_08.csv
8019,340,80,2026-08-12,fulfilled,orders_08.csv
8020,7,15,2026-08-25,paid,orders_08.csv
8021,280,20,2026-08-10,paid,orders_08.csv
8022,33,10,2026-08-07,paid,orders_08.csv
8023,79,120,2026-08-12,paid,orders_08.csv
8024,74,10,2026-08-17,paid,orders_08.csv
8025,262,20,2026-08-30,paid,orders_08.csv
8026,157,15,2026-08-22,fulfilled,orders_08.csv
8027,120,120,2026-08-18,cancelled,orders_08.csv
8028,58,80,2026-08-04,cancelled,orders_08.csv
8029,332,50,2026-08-01,paid,orders_08.csv
8030,281,35,2026-08-26,paid,orders_08.csv
8031,382,50,2026-08-18,paid,orders_08.csv
8032,399,50,2026-08-30,cancelled,orders_08.csv
8033,211,15,2026-08-06,paid,orders_08.csv
8034,381,120,2026-08-23,paid,orders_08.csv
8035,272,35,2026-08-03,paid,orders_08.csv
8036,240,120,2026-08-10,cancelled,orders_08.csv
8037,382,10,2026-08-18,cancelled,orders_08.csv
8038,36,50,2026-08-09,fulfilled,orders_08.csv
8039,243,10,2026-08-09,cancelled,orders_08.csv
8040,342,15,2026-08-23,paid,orders_08.csv
8041,83,10,2026-08-16,paid,orders_08.csv
8042,370,80,2026-08-24,paid,orders_08.csv
8043,287,10,2026-08-30,paid,orders_08.csv
8044,38,10,2026-08-07,paid,orders_08.csv
8045,100,120,2026-08-06,paid,orders_08.csv
8046,357,10,2026-08-01,paid,orders_08.csv
8047,161,10,2026-08-12,cancelled,orders_08.csv
8048,67,20,2026-08-16,fulfilled,orders_08.csv
8049,58,35,2026-08-24,cancelled,orders_08.csv
8050,38,15,2026-08-27,fulfilled,orders_08.csv
8051,34,15,2026-08-30,cancelled,orders_08.csv
8052,270,15,2026-08-22,paid,orders_08.csv
8053,165,10,2026-08-07,paid,orders_08.csv
8054,101,20,2026-08-24,cancelled,orders_08.csv
8055,167,10,2026-08-01,paid,orders_08.csv
8056,186,10,2026-08-19,paid,orders_08.csv
8057,147,50,2026-08-28,paid,orders_08.csv
8058,123,80,2026-08-21,fulfilled,orders_08.csv
8059,370,50,2026-08-19,paid,orders_08.csv
8060,116,20,2026-08-05,paid,orders_08.csv
8061,324,120,2026-08-05,cancelled,orders_08.csv
8062,366,10,2026-08-09,paid,orders_08.csv
8063,245,50,2026-08-01,fulfilled,orders_08.csv
8064,384,120,2026-08-18,paid,orders_08.csv
8065,80,20,2026-08-17,cancelled,orders_08.csv
8066,133,35,2026-08-23,paid,orders_08.csv
8067,119,35,2026-08-06,cancelled,orders_08.csv
8068,383,10,2026-08-12,paid,orders_08.csv
8069,284,120,2026-08-09,paid,orders_08.csv
8070,374,80,2026-08-30,paid,orders_08.csv
8071,266,35,2026-08-23,fulfilled,orders_08.csv
8072,390,20,2026-08-22,cancelled,orders_08.csv
8073,285,50,2026-08-30,fulfilled,orders_08.csv
8074,88,120,2026-08-03,fulfilled,orders_08.csv
8075,67,20,2026-08-29,paid,orders_08.csv
8076,57,120,2026-08-23,fulfilled,orders_08.csv
8077,11,10,2026-08-29,paid,orders_08.csv
8078,17,120,2026-08-08,cancelled,orders_08.csv
8079,100,35,2026-08-22,fulfilled,orders_08.csv
8080,166,50,2026-08-29,paid,orders_08.csv
8081,270,80,2026-08-24,fulfilled,orders_08.csv
8082,256,50,2026-08-20,cancelled,orders_08.csv
8083,111,20,2026-08-18,fulfilled,orders_08.csv
8084,82,120,2026-08-28,paid,orders_08.csv
8085,142,80,2026-08-23,paid,orders_08.csv
8086,327,50,2026-08-17,paid,orders_08.csv
8087,266,10,2026-08-22,fulfilled,orders_08.csv
8088,224,15,2026-08-10,paid,orders_08.csv
8089,32,10,2026-08-15,paid,orders_08.csv
8090,233,120,2026-08-09,paid,orders_08.csv
8091,153,120,2026-08-02,cancelled,orders_08.csv
8092,211,120,2026-08-26,paid,orders_08.csv
8093,264,35,2026-08-09,paid,orders_08.csv
8094,231,80,2026-08-17,cancelled,orders_08.csv
8095,349,10,2026-08-12,paid,orders_08.csv
8096,3,80,2026-08-03,paid,orders_08.csv
8097,55,10,2026-08-14,paid,orders_08.csv
8098,329,80,2026-08-18,paid,orders_08.csv
8099,364,80,2026-08-25,paid,orders_08.csv
8100,270,10,2026-08-27,paid,orders_08.csv
8101,44,50,2026-08-26,paid,orders_08.csv
8102,175,15,2026-08-23,paid,orders_08.csv
8103,167,120,2026-08-28,fulfilled,orders_08.csv
8104,91,15,2026-08-19,paid,orders_08.csv
8105,244,10,2026-08-08,paid,orders_08.csv
8106,23,10,2026-08-18,fulfilled,orders_08.csv
8107,69,20,2026-08-22,paid,orders_08.csv
8108,384,80,2026-08-12,paid,orders_08.csv
8109,278,50,2026-08-25,paid,orders_08.csv
8110,275,35,2026-08-20,cancelled,orders_08.csv
8111,133,20,2026-08-20,paid,orders_08.csv
8112,216,120,2026-08-22,paid,orders_08.csv
8113,389,80,2026-08-21,paid,orders_08.csv
8114,352,80,2026-08-06,cancelled,orders_08.csv
8115,55,20,2026-08-17,cancelled,orders_08.csv
8116,372,120,2026-08-12,paid,orders_08.csv
8117,395,10,2026-08-22,paid,orders_08.csv
8118,138,50,2026-08-16,cancelled,orders_08.csv
8119,204,20,2026-08-31,fulfilled,orders_08.csv
8120,276,120,2026-08-05,cancelled,orders_08.csv
8121,228,20,2026-08-22,paid,orders_08.csv
8122,95,80,2026-08-09,paid,orders_08.csv
8123,15,15,2026-08-18,paid,orders_08.csv
8124,185,10,2026-08-23,cancelled,orders_08.csv
8125,148,20,2026-08-11,fulfilled,orders_08.csv
8126,128,15,2026-08-03,cancelled,orders_08.csv
8127,308,20,2026-08-01,fulfilled,orders_08.csv
8128,350,120,2026-08-19,paid,orders_08.csv
8129,64,50,2026-08-27,paid,orders_08.csv
8130,47,15,2026-08-30,paid,orders_08.csv
8131,53,120,2026-08-23,cancelled,orders_08.csv
8132,306,120,2026-08-02,fulfilled,orders_08.csv
8133,122,80,2026-08-27,cancelled,orders_08.csv
8134,57,120,2026-08-10,fulfilled,orders_08.csv
8135,242,10,2026-08-03,paid,orders_08.csv
8136,187,15,2026-08-31,paid,orders_08.csv
8137,387,80,2026-08-30,paid,orders_08.csv
8138,49,35,2026-08-19,paid,orders_08.csv
8139,342,20,2026-08-25,fulfilled,orders_08.csv
8140,205,35,2026-08-08,paid,orders_08.csv
8141,323,80,2026-08-13,cancelled,orders_08.csv
8142,32,20,2026-08-06,cancelled,orders_08.csv
8143,264,15,2026-08-25,cancelled,orders_08.csv
8144,253,80,2026-08-20,cancelled,orders_08.csv
8145,136,20,2026-08-18,paid,orders_08.csv
8146,110,35,2026-08-17,paid,orders_08.csv
8147,267,80,2026-08-13,paid,orders_08.csv
8148,271,50,2026-08-07,cancelled,orders_08.csv
8149,297,10,2026-08-23,fulfilled,orders_08.csv
8150,261,80,2026-08-29,fulfilled,orders_08.csv
8151,4,50,2026-08-29,paid,orders_08.csv
8152,23,80,2026-08-26,fulfilled,orders_08.csv
8153,382,20,2026-08-04,fulfilled,orders_08.csv
8154,147,20,2026-08-11,paid,orders_08.csv
8155,151,35,2026-08-16,paid,orders_08.csv
8156,160,20,2026-08-24,cancelled,orders_08.csv
8157,257,20,2026-08-23,paid,orders_08.csv
8158,323,20,2026-08-25,fulfilled,orders_08.csv
8159,57,120,2026-08-17,paid,orders_08.csv
8160,74,35,2026-08-23,cancelled,orders_08.csv
8161,225,20,2026-08-14,paid,orders_08.csv
8162,390,80,2026-08-15,fulfilled,orders_08.csv
8163,201,50,2026-08-29,paid,orders_08.csv
8164,190,15,2026-08-06,paid,orders_08.csv
8165,103,20,2026-08-02,paid,orders_08.csv
8166,91,80,2026-08-30,fulfilled,orders_08.csv
8167,68,80,2026-08-16,fulfilled,orders_08.csv
8168,127,20,2026-08-08,paid,orders_08.csv
8169,142,10,2026-08-11,paid,orders_08.csv
8170,367,120,2026-08-25,paid,orders_08.csv
8171,136,15,2026-08-29,fulfilled,orders_08.csv
8172,1,80,2026-08-05,paid,orders_08.csv
8173,118,10,2026-08-18,paid,orders_08.csv
8174,217,80,2026-08-10,paid,orders_08.csv
8175,303,80,2026-08-20,paid,orders_08.csv
8176,117,80,2026-08-25,paid,orders_08.csv
8177,128,15,2026-08-06,paid,orders_08.csv
8178,283,80,2026-08-02,paid,orders_08.csv
8179,97,120,2026-08-07,paid,orders_08.csv
8180,45,20,2026-08-02,paid,orders_08.csv
8181,82,80,2026-08-03,paid,orders_08.csv
8182,196,50,2026-08-03,paid,orders_08.csv
8183,1,50,2026-08-04,paid,orders_08.csv
8184,173,80,2026-08-26,paid,orders_08.csv
8185,51,50,2026-08-02,paid,orders_08.csv
8186,378,120,2026-08-17,paid,orders_08.csv
8187,143,80,2026-08-13,paid,orders_08.csv
8188,360,80,2026-08-26,paid,orders_08.csv
8189,65,80,2026-08-05,paid,orders_08.csv
8190,239,80,2026-08-19,paid,orders_08.csv
8191,392,50,2026-08-06,paid,orders_08.csv
8192,130,10,2026-08-07,fulfilled,orders_08.csv
8193,186,80,2026-08-21,fulfilled,orders_08.csv
8194,84,120,2026-08-01,cancelled,orders_08.csv
8195,266,15,2026-08-12,fulfilled,orders_08.csv
8196,333,80,2026-08-30,cancelled,orders_08.csv
8197,394,35,2026-08-15,paid,orders_08.csv
8198,281,35,2026-08-07,fulfilled,orders_08.csv
8199,172,120,2026-08-07,fulfilled,orders_08.csv
8200,114,120,2026-08-01,paid,orders_08.csv
8201,383,15,2026-08-26,fulfilled,orders_08.csv
8202,264,15,2026-08-08,paid,orders_08.csv
8203,111,80,2026-08-17,paid,orders_08.csv
8204,199,35,2026-08-25,paid,orders_08.csv
8205,361,50,2026-08-30,fulfilled,orders_08.csv
8206,48,20,2026-08-21,paid,orders_08.csv
8207,293,15,2026-08-01,fulfilled,orders_08.csv
8208,156,80,2026-08-28,paid,orders_08.csv
8209,283,50,2026-08-25,cancelled,orders_08.csv
8210,306,15,2026-08-25,paid,orders_08.csv
8211,293,50,2026-08-19,paid,orders_08.csv
8212,47,20,2026-08-07,cancelled,orders_08.csv
8213,250,120,2026-08-09,paid,orders_08.csv
8214,206,10,2026-08-21,paid,orders_08.csv
8215,29,10,2026-08-25,paid,orders_08.csv
8216,38,20,2026-08-18,fulfilled,orders_08.csv
8217,343,10,2026-08-24,paid,orders_08.csv
8218,261,50,2026-08-29,paid,orders_08.csv
8219,387,50,2026-08-21,paid,orders_08.csv
8220,107,120,2026-08-17,paid,orders_08.csv
8221,113,120,2026-08-06,fulfilled,orders_08.csv
8222,363,20,2026-08-05,cancelled,orders_08.csv
8223,196,35,2026-08-06,paid,orders_08.csv
8224,215,10,2026-08-03,paid,orders_08.csv
8225,68,120,2026-08-04,paid,orders_08.csv
8226,154,50,2026-08-04,cancelled,orders_08.csv
8227,269,15,2026-08-11,paid,orders_08.csv
8228,57,15,2026-08-17,paid,orders_08.csv
8229,21,10,2026-08-13,cancelled,orders_08.csv
8230,366,20,2026-08-16,paid,orders_08.csv
8231,93,10,2026-08-20,paid,orders_08.csv
8232,283,50,2026-08-19,paid,orders_08.csv
8233,202,10,2026-08-25,paid,orders_08.csv
8234,264,20,2026-08-18,paid,orders_08.csv
8235,13,50,2026-08-23,fulfilled,orders_08.csv
8236,362,35,2026-08-09,paid,orders_08.csv
8237,283,35,2026-08-17,paid,orders_08.csv
8238,202,10,2026-08-19,fulfilled,orders_08.csv
8239,55,35,2026-08-05,cancelled,orders_08.csv
8240,386,20,2026-08-19,fulfilled,orders_08.csv
8241,6,35,2026-08-24,paid,orders_08.csv
8242,375,15,2026-08-23,paid,orders_08.csv
8243,119,10,2026-08-20,cancelled,orders_08.csv
8244,90,20,2026-08-07,paid,orders_08.csv
8245,378,10,2026-08-30,paid,orders_08.csv
8246,47,10,2026-08-29,paid,orders_08.csv
8247,315,120,2026-08-31,paid,orders_08.csv
8248,310,35,2026-08-31,paid,orders_08.csv
8249,97,120,2026-08-02,paid,orders_08.csv
8250,164,15,2026-08-25,paid,orders_08.csv
8251,7,50,2026-08-03,fulfilled,orders_08.csv
8252,269,80,2026-08-20,fulfilled,orders_08.csv
8253,291,20,2026-08-06,paid,orders_08.csv
8254,96,120,2026-08-09,paid,orders_08.csv
8255,386,80,2026-08-31,fulfilled,orders_08.csv
8256,215,35,2026-08-31,cancelled,orders_08.csv
8257,120,10,2026-08-04,cancelled,orders_08.csv
8258,89,35,2026-08-09,paid,orders_08.csv
8259,248,50,2026-08-18,fulfilled,orders_08.csv
8260,125,10,2026-08-16,cancelled,orders_08.csv
8261,160,15,2026-08-29,paid,orders_08.csv
8262,326,20,2026-08-13,paid,orders_08.csv
8263,377,50,2026-08-14,paid,orders_08.csv
8264,270,20,2026-08-28,fulfilled,orders_08.csv
8265,271,15,2026-08-31,cancelled,orders_08.csv
8266,289,20,2026-08-27,paid,orders_08.csv
8267,249,20,2026-08-31,fulfilled,orders_08.csv
8268,174,80,2026-08-20,paid,orders_08.csv
8269,109,15,2026-08-18,cancelled,orders_08.csv
8270,341,10,2026-08-15,paid,orders_08.csv
8271,195,80,2026-08-06,paid,orders_08.csv
8272,223,20,2026-08-28,paid,orders_08.csv
8273,311,20,2026-08-27,paid,orders_08.csv
8274,112,15,2026-08-19,paid,orders_08.csv
8275,7,50,2026-08-30,cancelled,orders_08.csv
8276,250,120,2026-08-04,fulfilled,orders_08.csv
8277,6,80,2026-08-11,paid,orders_08.csv
8278,268,35,2026-08-14,paid,orders_08.csv
8279,175,80,2026-08-07,paid,orders_08.csv
8280,118,120,2026-08-26,paid,orders_08.csv
8281,186,35,2026-08-16,paid,orders_08.csv
8282,116,120,2026-08-14,paid,orders_08.csv
8283,252,10,2026-08-22,fulfilled,orders_08.csv
8284,307,80,2026-08-21,fulfilled,orders_08.csv
8285,254,10,2026-08-18,paid,orders_08.csv
8286,386,20,2026-08-23,cancelled,orders_08.csv
8287,86,50,2026-08-20,paid,orders_08.csv
8288,99,20,2026-08-14,fulfilled,orders_08.csv
8289,91,15,2026-08-12,paid,orders_08.csv
8290,162,20,2026-08-25,cancelled,orders_08.csv
8291,169,10,2026-08-30,paid,orders_08.csv
8292,159,80,2026-08-03,paid,orders_08.csv
8293,101,80,2026-08-04,cancelled,orders_08.csv
8294,394,15,2026-08-29,paid,orders_08.csv
8295,248,35,2026-08-25,paid,orders_08.csv
8296,63,35,2026-08-06,paid,orders_08.csv
8297,377,120,2026-08-14,cancelled,orders_08.csv
8298,67,10,2026-08-19,paid,orders_08.csv
8299,34,80,2026-08-05,fulfilled,orders_08.csv
8300,78,35,2026-08-01,paid,orders_08.csv
8301,131,15,2026-08-23,paid,orders_08.csv
8302,239,50,2026-08-21,cancelled,orders_08.csv
8303,397,15,2026-08-28,cancelled,orders_08.csv
8304,162,80,2026-08-02,paid,orders_08.csv
8305,249,10,2026-08-02,paid,orders_08.csv
8306,383,15,2026-08-20,fulfilled,orders_08.csv
8307,31,80,2026-08-01,paid,orders_08.csv
8308,100,50,2026-08-31,cancelled,orders_08.csv
8309,174,20,2026-08-16,paid,orders_08.csv
8310,175,10,2026-08-09,cancelled,orders_08.csv
8311,363,10,2026-08-30,cancelled,orders_08.csv
8312,122,80,2026-08-20,paid,orders_08.csv
8313,184,15,2026-08-20,paid,orders_08.csv
8314,290,80,2026-08-03,paid,orders_08.csv
8315,241,10,2026-08-15,paid,orders_08.csv
8316,58,20,2026-08-18,fulfilled,orders_08.csv
8317,175,20,2026-08-09,cancelled,orders_08.csv
8318,384,120,2026-08-22,cancelled,orders_08.csv
8319,131,35,2026-08-14,fulfilled,orders_08.csv
8320,184,20,2026-08-08,paid,orders_08.csv
8321,199,20,2026-08-29,paid,orders_08.csv
8322,5,15,2026-08-07,paid,orders_08.csv
8323,80,20,2026-08-25,fulfilled,orders_08.csv
8324,369,80,2026-08-03,paid,orders_08.csv
8325,390,80,2026-08-21,paid,orders_08.csv
8326,67,35,2026-08-16,paid,orders_08.csv
8327,194,80,2026-08-21,cancelled,orders_08.csv
8328,270,50,2026-08-05,paid,orders_08.csv
8329,31,120,2026-08-04,cancelled,orders_08.csv
8330,356,10,2026-08-23,fulfilled,orders_08.csv
8331,230,10,2026-08-29,paid,orders_08.csv
8332,10,15,2026-08-05,cancelled,orders_08.csv
8333,268,15,2026-08-09,paid,orders_08.csv
8334,270,35,2026-08-31,paid,orders_08.csv
8335,19,35,2026-08-16,cancelled,orders_08.csv
8336,36,35,2026-08-29,cancelled,orders_08.csv
8337,172,50,2026-08-17,paid,orders_08.csv
8338,329,120,2026-08-27,paid,orders_08.csv
8339,222,10,2026-08-22,paid,orders_08.csv
8340,61,20,2026-08-27,paid,orders_08.csv
8341,213,120,2026-08-30,fulfilled,orders_08.csv
8342,269,15,2026-08-02,paid,orders_08.csv
8343,277,80,2026-08-11,cancelled,orders_08.csv
8344,368,120,2026-08-02,paid,orders_08.csv
8345,311,80,2026-08-19,paid,orders_08.csv
8346,154,80,2026-08-13,paid,orders_08.csv
8347,84,50,2026-08-12,fulfilled,orders_08.csv
8348,395,20,2026-08-13,paid,orders_08.csv
8349,201,50,2026-08-13,fulfilled,orders_08.csv
8350,176,15,2026-08-05,cancelled,orders_08.csv
8351,375,15,2026-08-04,fulfilled,orders_08.csv
8352,14,20,2026-08-31,fulfilled,orders_08.csv
8353,293,120,2026-08-21,paid,orders_08.csv
8354,106,50,2026-08-10,fulfilled,orders_08.csv
8355,15,10,2026-08-11,paid,orders_08.csv
8356,173,80,2026-08-23,paid,orders_08.csv
8357,117,35,2026-08-06,paid,orders_08.csv
8358,290,20,2026-08-09,paid,orders_08.csv
8359,73,120,2026-08-17,paid,orders_08.csv
8360,343,10,2026-08-20,fulfilled,orders_08.csv
8361,362,35,2026-08-22,cancelled,orders_08.csv
8362,159,35,2026-08-25,paid,orders_08.csv
8363,11,15,2026-08-21,fulfilled,orders_08.csv
8364,315,10,2026-08-21,fulfilled,orders_08.csv
8365,85,35,2026-08-27,cancelled,orders_08.csv
8366,370,35,2026-08-15,paid,orders_08.csv
8367,118,35,2026-08-04,paid,orders_08.csv
8368,170,10,2026-08-21,paid,orders_08.csv
8369,201,50,2026-08-09,paid,orders_08.csv
8370,151,10,2026-08-16,cancelled,orders_08.csv
8371,191,50,2026-08-02,paid,orders_08.csv
8372,67,20,2026-08-13,paid,orders_08.csv
8373,88,50,2026-08-13,fulfilled,orders_08.csv
8374,146,50,2026-08-27,cancelled,orders_08.csv
8375,37,80,2026-08-29,paid,orders_08.csv
8376,58,35,2026-08-01,paid,orders_08.csv
8377,69,15,2026-08-16,fulfilled,orders_08.csv
8378,187,35,2026-08-08,paid,orders_08.csv
8379,359,80,2026-08-14,paid,orders_08.csv
8380,313,15,2026-08-16,paid,orders_08.csv
8381,145,15,2026-08-29,paid,orders_08.csv
8382,358,10,2026-08-05,paid,orders_08.csv
8383,317,20,2026-08-24,paid,orders_08.csv
8384,378,20,2026-08-04,paid,orders_08.csv
8385,2,20,2026-08-11,paid,orders_08.csv
8386,318,20,2026-08-23,paid,orders_08.csv
8387,169,15,2026-08-19,fulfilled,orders_08.csv
8388,114,15,2026-08-12,fulfilled,orders_08.csv
8389,227,35,2026-08-19,paid,orders_08.csv
8390,372,15,2026-08-26,fulfilled,orders_08.csv
8391,49,35,2026-08-08,paid,orders_08.csv
8392,369,120,2026-08-14,paid,orders_08.csv
8393,192,80,2026-08-25,paid,orders_08.csv
8394,374,50,2026-08-30,fulfilled,orders_08.csv
8395,4,20,2026-08-06,cancelled,orders_08.csv
8396,182,120,2026-08-10,paid,orders_08.csv
8397,20,20,2026-08-05,fulfilled,orders_08.csv
8398,149,10,2026-08-30,paid,orders_08.csv
8399,5,80,2026-08-26,paid,orders_08.csv
8400,47,15,2026-08-16,cancelled,orders_08.csv
8401,353,35,2026-08-25,cancelled,orders_08.csv
8402,218,35,2026-08-06,paid,orders_08.csv
8403,292,35,2026-08-16,fulfilled,orders_08.csv
8404,300,120,2026-08-11,paid,orders_08.csv
8405,349,80,2026-08-13,fulfilled,orders_08.csv
8406,356,80,2026-08-01,paid,orders_08.csv
8407,180,120,2026-08-13,fulfilled,orders_08.csv
8408,310,50,2026-08-29,paid,orders_08.csv
8409,280,20,2026-08-25,cancelled,orders_08.csv
8410,293,15,2026-08-03,paid,orders_08.csv
8411,208,80,2026-08-24,paid,orders_08.csv
8412,230,35,2026-08-25,cancelled,orders_08.csv
8413,100,120,2026-08-04,cancelled,orders_08.csv
8414,80,80,2026-08-29,paid,orders_08.csv
8415,256,35,2026-08-20,cancelled,orders_08.csv
8416,251,120,2026-08-12,fulfilled,orders_08.csv
8417,250,80,2026-08-14,paid,orders_08.csv
8418,91,15,2026-08-24,paid,orders_08.csv
8419,316,50,2026-08-13,cancelled,orders_08.csv
8420,379,20,2026-08-21,paid,orders_08.csv
8421,348,15,2026-08-20,paid,orders_08.csv
8422,253,50,2026-08-27,paid,orders_08.csv
8423,118,10,2026-08-09,paid,orders_08.csv
8424,11,50,2026-08-29,paid,orders_08.csv
8425,115,120,2026-08-21,fulfilled,orders_08.csv
8426,200,35,2026-08-16,fulfilled,orders_08.csv
8427,126,20,2026-08-24,fulfilled,orders_08.csv
8428,188,20,2026-08-10,paid,orders_08.csv
8429,105,120,2026-08-14,paid,orders_08.csv
8430,41,120,2026-08-06,cancelled,orders_08.csv
8431,329,50,2026-08-17,paid,orders_08.csv
8432,392,15,2026-08-31,fulfilled,orders_08.csv
8433,256,120,2026-08-29,paid,orders_08.csv
8434,129,10,2026-08-25,cancelled,orders_08.csv
8435,257,35,2026-08-21,paid,orders_08.csv
8436,388,20,2026-08-01,cancelled,orders_08.csv
8437,95,10,2026-08-09,cancelled,orders_08.csv
8438,167,80,2026-08-02,paid,orders_08.csv
8439,379,20,2026-08-20,paid,orders_08.csv
8440,330,35,2026-08-24,paid,orders_08.csv
8441,300,120,2026-08-02,paid,orders_08.csv
8442,357,50,2026-08-18,fulfilled,orders_08.csv
8443,394,50,2026-08-22,fulfilled,orders_08.csv
8444,270,35,2026-08-01,cancelled,orders_08.csv
8445,209,20,2026-08-19,paid,orders_08.csv
8446,210,50,2026-08-29,paid,orders_08.csv
8447,320,15,2026-08-01,fulfilled,orders_08.csv
8448,68,35,2026-08-19,paid,orders_08.csv
8449,100,20,2026-08-10,paid,orders_08.csv
8450,55,20,2026-08-02,paid,orders_08.csv
8451,271,120,2026-08-11,paid,orders_08.csv
8452,148,10,2026-08-15,paid,orders_08.csv
8453,328,20,2026-08-03,paid,orders_08.csv
8454,343,50,2026-08-26,paid,orders_08.csv
8455,23,35,2026-08-10,cancelled,orders_08.csv
8456,371,10,2026-08-16,paid,orders_08.csv
8457,25,20,2026-08-28,paid,orders_08.csv
8458,141,15,2026-08-03,paid,orders_08.csv
8459,207,35,2026-08-06,paid,orders_08.csv
8460,45,120,2026-08-30,paid,orders_08.csv
8461,18,120,2026-08-29,fulfilled,orders_08.csv
8462,162,50,2026-08-19,cancelled,orders_08.csv
8463,255,35,2026-08-21,paid,orders_08.csv
8464,208,50,2026-08-29,cancelled,orders_08.csv
8465,177,20,2026-08-31,paid,orders_08.csv
8466,206,15,2026-08-14,paid,orders_08.csv
8467,372,15,2026-08-12,fulfilled,orders_08.csv
8468,146,10,2026-08-08,cancelled,orders_08.csv
8469,396,15,2026-08-20,paid,orders_08.csv
8470,250,80,2026-08-20,paid,orders_08.csv
8471,331,80,2026-08-08,paid,orders_08.csv
8472,119,50,2026-08-16,paid,orders_08.csv
8473,169,120,2026-08-30,paid,orders_08.csv
8474,235,80,2026-08-13,paid,orders_08.csv
8475,236,80,2026-08-24,fulfilled,orders_08.csv
8476,400,35,2026-08-03,cancelled,orders_08.csv
8477,392,120,2026-08-07,paid,orders_08.csv
8478,250,50,2026-08-17,paid,orders_08.csv
8479,354,80,2026-08-07,cancelled,orders_08.csv
8480,370,35,2026-08-13,paid,orders_08.csv
8481,129,20,2026-08-16,cancelled,orders_08.csv
8482,26,80,2026-08-24,paid,orders_08.csv
8483,186,10,2026-08-16,cancelled,orders_08.csv
8484,396,10,2026-08-29,paid,orders_08.csv
8485,51,80,2026-08-20,fulfilled,orders_08.csv
8486,234,35,2026-08-25,paid,orders_08.csv
8487,313,20,2026-08-28,paid,orders_08.csv
8488,301,10,2026-08-18,fulfilled,orders_08.csv
8489,362,10,2026-08-28,paid,orders_08.csv
8490,259,10,2026-08-15,cancelled,orders_08.csv
8491,299,120,2026-08-22,paid,orders_08.csv
8492,97,35,2026-08-08,paid,orders_08.csv
8493,64,50,2026-08-03,cancelled,orders_08.csv
8494,60,80,2026-08-24,paid,orders_08.csv
8495,367,50,2026-08-20,paid,orders_08.csv
8496,171,15,2026-08-03,fulfilled,orders_08.csv
8497,388,10,2026-08-08,paid,orders_08.csv
8498,90,50,2026-08-05,paid,orders_08.csv
8499,175,35,2026-08-15,cancelled,orders_08.csv
8500,271,120,2026-08-01,paid,orders_08.csv
8501,47,120,2026-08-12,paid,orders_08.csv
8502,78,120,2026-08-01,fulfilled,orders_08.csv
8503,86,35,2026-08-31,paid,orders_08.csv
8504,377,50,2026-08-04,paid,orders_08.csv
8505,37,10,2026-08-20,paid,orders_08.csv
8506,388,80,2026-08-21,fulfilled,orders_08.csv
8507,76,50,2026-08-31,cancelled,orders_08.csv
8508,60,20,2026-08-30,fulfilled,orders_08.csv
8509,263,35,2026-08-02,paid,orders_08.csv
8510,26,20,2026-08-13,paid,orders_08.csv
8511,131,15,2026-08-02,cancelled,orders_08.csv
8512,87,20,2026-08-05,paid,orders_08.csv
8513,337,15,2026-08-12,paid,orders_08.csv
8514,266,10,2026-08-14,paid,orders_08.csv
8515,149,120,2026-08-10,paid,orders_08.csv
8516,258,20,2026-08-14,cancelled,orders_08.csv
8517,323,20,2026-08-02,paid,orders_08.csv
8518,69,50,2026-08-22,paid,orders_08.csv
8519,187,120,2026-08-10,fulfilled,orders_08.csv
8520,165,50,2026-08-04,paid,orders_08.csv
8521,55,35,2026-08-31,cancelled,orders_08.csv
8522,60,80,2026-08-23,fulfilled,orders_08.csv
8523,12,120,2026-08-21,fulfilled,orders_08.csv
8524,90,15,2026-08-25,paid,orders_08.csv
8525,35,20,2026-08-13,cancelled,orders_08.csv
8526,55,20,2026-08-27,fulfilled,orders_08.csv
8527,109,120,2026-08-14,fulfilled,orders_08.csv
8528,94,35,2026-08-01,cancelled,orders_08.csv
8529,178,50,2026-08-18,paid,orders_08.csv
8530,12,80,2026-08-02,paid,orders_08.csv
8531,20,80,2026-08-22,paid,orders_08.csv
8532,143,15,2026-08-21,cancelled,orders_08.csv
8533,360,80,2026-08-31,paid,orders_08.csv
8534,87,120,2026-08-11,paid,orders_08.csv
8535,318,20,2026-08-10,fulfilled,orders_08.csv
8536,305,50,2026-08-16,fulfilled,orders_08.csv
8537,28,20,2026-08-31,fulfilled,orders_08.csv
8538,153,15,2026-08-19,cancelled,orders_08.csv
8539,23,15,2026-08-18,paid,orders_08.csv
8540,218,10,2026-08-21,paid,orders_08.csv
8541,178,15,2026-08-21,fulfilled,orders_08.csv
8542,205,120,2026-08-01,paid,orders_08.csv
8543,259,50,2026-08-15,paid,orders_08.csv
8544,312,10,2026-08-22,cancelled,orders_08.csv
8545,390,10,2026-08-29,paid,orders_08.csv
8546,338,20,2026-08-23,paid,orders_08.csv
8547,386,35,2026-08-25,paid,orders_08.csv
8548,72,80,2026-08-06,paid,orders_08.csv
8549,351,120,2026-08-16,cancelled,orders_08.csv
8550,218,80,2026-08-31,paid,orders_08.csv
8551,191,35,2026-08-17,paid,orders_08.csv
8552,40,15,2026-08-12,fulfilled,orders_08.csv
8553,73,50,2026-08-31,fulfilled,orders_08.csv
8554,51,20,2026-08-18,paid,orders_08.csv
8555,224,80,2026-08-07,paid,orders_08.csv
8556,324,50,2026-08-05,paid,orders_08.csv
8557,391,80,2026-08-07,cancelled,orders_08.csv
8558,201,50,2026-08-18,paid,orders_08.csv
8559,245,35,2026-08-20,cancelled,orders_08.csv
8560,125,120,2026-08-22,paid,orders_08.csv
8561,28,50,2026-08-13,fulfilled,orders_08.csv
8562,263,35,2026-08-17,paid,orders_08.csv
8563,55,50,2026-08-30,fulfilled,orders_08.csv
8564,150,35,2026-08-23,fulfilled,orders_08.csv
8565,27,35,2026-08-16,paid,orders_08.csv
8566,204,120,2026-08-29,paid,orders_08.csv
8567,163,15,2026-08-07,paid,orders_08.csv
8568,163,20,2026-08-09,cancelled,orders_08.csv
8569,269,50,2026-08-25,paid,orders_08.csv
8570,165,80,2026-08-28,cancelled,orders_08.csv
8571,23,50,2026-08-26,paid,orders_08.csv
8572,345,35,2026-08-23,paid,orders_08.csv
8573,387,10,2026-08-13,cancelled,orders_08.csv
8574,389,20,2026-08-02,fulfilled,orders_08.csv
8575,285,50,2026-08-06,cancelled,orders_08.csv
8576,61,10,2026-08-10,paid,orders_08.csv
8577,189,35,2026-08-03,paid,orders_08.csv
8578,171,80,2026-08-26,paid,orders_08.csv
8579,237,120,2026-08-06,paid,orders_08.csv
8580,75,20,2026-08-06,cancelled,orders_08.csv
8581,362,10,2026-08-30,paid,orders_08.csv
8582,301,35,2026-08-23,paid,orders_08.csv
8583,50,120,2026-08-17,cancelled,orders_08.csv
8584,163,35,2026-08-14,cancelled,orders_08.csv
8585,238,35,2026-08-23,paid,orders_08.csv
8586,392,80,2026-08-25,cancelled,orders_08.csv
8587,382,50,2026-08-06,paid,orders_08.csv
8588,376,80,2026-08-08,paid,orders_08.csv
8589,137,80,2026-08-26,paid,orders_08.csv
8590,299,10,2026-08-22,paid,orders_08.csv
8591,235,20,2026-08-09,cancelled,orders_08.csv
8592,214,15,2026-08-09,paid,orders_08.csv
8593,217,50,2026-08-07,paid,orders_08.csv
8594,91,20,2026-08-06,paid,orders_08.csv
8595,292,120,2026-08-02,cancelled,orders_08.csv
8596,203,80,2026-08-16,cancelled,orders_08.csv
8597,350,120,2026-08-22,paid,orders_08.csv
8598,169,10,2026-08-16,paid,orders_08.csv
8599,184,15,2026-08-18,paid,orders_08.csv
8600,76,35,2026-08-20,paid,orders_08.csv
8601,249,120,2026-08-22,paid,orders_08.csv
8602,290,15,2026-08-31,fulfilled,orders_08.csv
8603,250,120,2026-08-12,fulfilled,orders_08.csv
8604,396,20,2026-08-09,cancelled,orders_08.csv
8605,159,10,2026-08-18,paid,orders_08.csv
8606,306,80,2026-08-29,paid,orders_08.csv
8607,6,35,2026-08-19,fulfilled,orders_08.csv
8608,208,80,2026-08-20,fulfilled,orders_08.csv
8609,51,80,2026-08-15,cancelled,orders_08.csv
8610,10,20,2026-08-03,paid,orders_08.csv
8611,74,120,2026-08-07,paid,orders_08.csv
8612,42,15,2026-08-13,paid,orders_08.csv
8613,220,15,2026-08-08,cancelled,orders_08.csv
8614,78,10,2026-08-02,cancelled,orders_08.csv
8615,110,120,2026-08-10,paid,orders_08.csv
7420,201,15,2026-08-17,fulfilled,orders_08.csv
7421,191,20,2026-08-09,cancelled,orders_08.csv
7422,226,10,2026-08-03,paid,orders_08.csv
7423,59,35,2026-08-24,fulfilled,orders_08.csv
7424,90,50,2026-08-15,paid,orders_08.csv
7425,19,15,2026-08-12,cancelled,orders_08.csv
7426,78,120,2026-08-01,paid,orders_08.csv
7427,364,20,2026-08-31,fulfilled,orders_08.csv
7428,166,10,2026-08-22,paid,orders_08.csv
7429,343,15,2026-08-27,fulfilled,orders_08.csv
7430,358,120,2026-08-09,fulfilled,orders_08.csv
7431,199,10,2026-08-15,paid,orders_08.csv
7432,188,10,2026-08-06,paid,orders_08.csv
7433,362,80,2026-08-19,fulfilled,orders_08.csv
7434,75,10,2026-08-30,fulfilled,orders_08.csv
7435,111,10,2026-08-24,fulfilled,orders_08.csv
7436,297,35,2026-08-22,cancelled,orders_08.csv
7437,52,80,2026-08-05,cancelled,orders_08.csv
7438,216,35,2026-08-01,paid,orders_08.csv
7439,368,80,2026-08-17,paid,orders_08.csv
7440,118,35,2026-08-19,paid,orders_08.csv
7441,294,20,2026-08-07,paid,orders_08.csv
7442,314,120,2026-08-15,paid,orders_08.csv
7443,369,50,2026-08-24,paid,orders_08.csv
7444,373,10,2026-08-31,paid,orders_08.csv
7445,311,10,2026-08-28,paid,orders_08.csv
7446,211,50,2026-08-09,paid,orders_08.csv
7447,257,20,2026-08-21,paid,orders_08.csv
7448,64,20,2026-08-15,cancelled,orders_08.csv
7449,88,120,2026-08-07,paid,orders_08.csv
7450,317,15,2026-08-18,cancelled,orders_08.csv
7451,131,50,2026-08-09,paid,orders_08.csv
7452,372,15,2026-08-15,paid,orders_08.csv
7453,360,35,2026-08-09,paid,orders_08.csv
7454,312,15,2026-08-30,cancelled,orders_08.csv
7455,228,15,2026-08-07,paid,orders_08.csv
7456,171,15,2026-08-24,fulfilled,orders_08.csv
7457,389,20,2026-08-27,fulfilled,orders_08.csv
7458,244,35,2026-08-28,paid,orders_08.csv
7459,187,10,2026-08-25,fulfilled,orders_08.csv
7460,331,20,2026-08-27,paid,orders_08.csv
7461,269,20,2026-08-30,paid,orders_08.csv
7462,140,120,2026-08-13,paid,orders_08.csv
7463,185,80,2026-08-05,fulfilled,orders_08.csv
7464,270,50,2026-08-17,paid,orders_08.csv
7465,91,80,2026-08-05,paid,orders_08.csv
7466,395,50,2026-08-22,paid,orders_08.csv
7467,345,80,2026-08-01,fulfilled,orders_08.csv
7468,36,20,2026-08-06,paid,orders_08.csv
7469,56,120,2026-08-07,paid,orders_08.csv
7470,256,20,2026-08-18,cancelled,orders_08.csv
7471,150,120,2026-08-08,paid,orders_08.csv
7472,178,80,2026-08-26,paid,orders_08.csv
7473,382,50,2026-08-23,paid,orders_08.csv
7474,23,10,2026-08-19,paid,orders_08.csv
7475,133,120,2026-08-19,cancelled,orders_08.csv
7476,323,50,2026-08-03,fulfilled,orders_08.csv
7477,124,35,2026-08-07,cancelled,orders_08.csv
7478,175,35,2026-08-25,paid,orders_08.csv
7479,157,20,2026-08-28,paid,orders_08.csv
7480,335,120,2026-08-13,paid,orders_08.csv
7481,284,20,2026-08-26,paid,orders_08.csv
7482,102,120,2026-08-24,cancelled,orders_08.csv
7483,364,80,2026-08-21,paid,orders_08.csv
7484,141,20,2026-08-10,cancelled,orders_08.csv
7485,120,120,2026-08-03,paid,orders_08.csv
7486,314,35,2026-08-03,paid,orders_08.csv
7487,96,80,2026-08-19,fulfilled,orders_08.csv
7488,138,15,2026-08-11,paid,orders_08.csv
7489,323,80,2026-08-28,cancelled,orders_08.csv
7490,152,15,2026-08-17,cancelled,orders_08.csv
7491,57,50,2026-08-28,paid,orders_08.csv
7492,124,20,2026-08-01,cancelled,orders_08.csv
7493,244,15,2026-08-17,cancelled,orders_08.csv
7494,373,35,2026-08-31,cancelled,orders_08.csv
7495,85,10,2026-08-15,paid,orders_08.csv
7496,45,10,2026-08-27,paid,orders_08.csv
7497,74,10,2026-08-27,cancelled,orders_08.csv
7498,95,15,2026-08-02,paid,orders_08.csv
7499,353,10,2026-08-10,cancelled,orders_08.csv
7500,81,120,2026-08-22,fulfilled,orders_08.csv
7501,80,50,2026-08-21,paid,orders_08.csv
7502,90,15,2026-08-11,fulfilled,orders_08.csv
7503,229,35,2026-08-06,paid,orders_08.csv
7504,156,35,2026-08-05,paid,orders_08.csv
7505,166,50,2026-08-18,paid,orders_08.csv
7506,190,120,2026-08-13,paid,orders_08.csv
7507,169,50,2026-08-17,fulfilled,orders_08.csv
7508,383,10,2026-08-28,cancelled,orders_08.csv
7509,322,50,2026-08-18,paid,orders_08.csv
7510,131,50,2026-08-19,paid,orders_08.csv
7511,169,20,2026-08-05,fulfilled,orders_08.csv
7512,276,10,2026-08-01,paid,orders_08.csv
7513,362,120,2026-08-06,fulfilled,orders_08.csv
7514,134,20,2026-08-26,paid,orders_08.csv
7515,384,120,2026-08-05,paid,orders_08.csv
7516,64,20,2026-08-23,paid,orders_08.csv
7517,334,15,2026-08-11,fulfilled,orders_08.csv
7518,335,120,2026-08-15,paid,orders_08.csv
7519,156,20,2026-08-11,cancelled,orders_08.csv
7520,382,20,2026-08-04,paid,orders_08.csv
7521,365,80,2026-08-12,cancelled,orders_08.csv
7522,351,120,2026-08-13,paid,orders_08.csv
7523,284,50,2026-08-25,cancelled,orders_08.csv
7524,231,20,2026-08-12,paid,orders_08.csv
7525,37,120,2026-08-29,paid,orders_08.csv
7526,44,80,2026-08-21,paid,orders_08.csv
7527,221,10,2026-08-22,paid,orders_08.csv
7528,271,20,2026-08-26,cancelled,orders_08.csv
7529,277,15,2026-08-30,fulfilled,orders_08.csv
7530,286,50,2026-08-30,paid,orders_08.csv
7531,128,10,2026-08-05,paid,orders_08.csv
7532,345,35,2026-08-31,cancelled,orders_08.csv
7533,355,10,2026-08-26,paid,orders_08.csv
7534,116,10,2026-08-02,paid,orders_08.csv
7535,399,15,2026-08-25,fulfilled,orders_08.csv
7536,395,15,2026-08-18,paid,orders_08.csv
7537,271,120,2026-08-28,cancelled,orders_08.csv
7538,246,120,2026-08-13,paid,orders_08.csv
7539,119,80,2026-08-01,paid,orders_08.csv
7540,287,80,2026-08-10,fulfilled,orders_08.csv
7541,18,20,2026-08-30,fulfilled,orders_08.csv
7542,65,80,2026-08-29,cancelled,orders_08.csv
7543,67,50,2026-08-15,cancelled,orders_08.csv
7544,339,50,2026-08-26,paid,orders_08.csv
7545,334,10,2026-08-31,fulfilled,orders_08.csv
7546,282,15,2026-08-18,paid,orders_08.csv
7547,245,80,2026-08-11,fulfilled,orders_08.csv
7548,291,10,2026-08-12,fulfilled,orders_08.csv
7549,64,35,2026-08-02,paid,orders_08.csv
7550,292,35,2026-08-03,paid,orders_08.csv
7551,134,80,2026-08-08,fulfilled,orders_08.csv
7552,41,35,2026-08-21,cancelled,orders_08.csv
7553,287,35,2026-08-27,cancelled,orders_08.csv
7554,272,50,2026-08-10,cancelled,orders_08.csv
7555,250,120,2026-08-12,paid,orders_08.csv
7556,221,10,2026-08-27,fulfilled,orders_08.csv
7557,261,20,2026-08-04,paid,orders_08.csv
7558,217,80,2026-08-18,paid,orders_08.csv
7559,123,15,2026-08-31,paid,orders_08.csv
7560,175,10,2026-08-08,fulfilled,orders_08.csv
7561,147,10,2026-08-09,paid,orders_08.csv
7562,215,20,2026-08-17,cancelled,orders_08.csv
7563,306,80,2026-08-13,paid,orders_08.csv
7564,377,50,2026-08-25,paid,orders_08.csv
7565,233,35,2026-08-16,paid,orders_08.csv
7566,21,10,2026-08-13,fulfilled,orders_08.csv
7567,316,20,2026-08-31,paid,orders_08.csv
7568,260,10,2026-08-21,fulfilled,orders_08.csv
7569,90,15,2026-08-28,paid,orders_08.csv
7570,378,50,2026-08-12,cancelled,orders_08.csv
7571,169,10,2026-08-04,cancelled,orders_08.csv
7572,179,35,2026-08-12,cancelled,orders_08.csv
7573,58,120,2026-08-25,paid,orders_08.csv
7574,368,20,2026-08-11,paid,orders_08.csv
7575,91,120,2026-08-05,paid,orders_08.csv
7576,33,35,2026-08-19,cancelled,orders_08.csv
7577,161,15,2026-08-24,cancelled,orders_08.csv
7578,2,20,2026-08-04,paid,orders_08.csv
7579,274,20,2026-08-14,paid,orders_08.csv
7580,274,10,2026-08-09,paid,orders_08.csv
7581,274,20,2026-08-31,cancelled,orders_08.csv
7582,185,10,2026-08-21,cancelled,orders_08.csv
7583,364,35,2026-08-18,cancelled,orders_08.csv
7584,388,10,2026-08-09,paid,orders_08.csv
7585,13,20,2026-08-14,paid,orders_08.csv
7586,189,10,2026-08-01,cancelled,orders_08.csv
7587,122,50,2026-08-02,cancelled,orders_08.csv
7588,235,10,2026-08-21,cancelled,orders_08.csv
7589,174,10,2026-08-30,cancelled,orders_08.csv
7590,131,20,2026-08-23,paid,orders_08.csv
7591,40,80,2026-08-05,fulfilled,orders_08.csv
7592,121,15,2026-08-15,cancelled,orders_08.csv
7593,141,50,2026-08-26,paid,orders_08.csv
7594,374,35,2026-08-27,paid,orders_08.csv
7595,318,50,2026-08-14,cancelled,orders_08.csv
7596,102,10,2026-08-28,paid,orders_08.csv
7597,275,120,2026-08-18,cancelled,orders_08.csv
7598,75,120,2026-08-02,fulfilled,orders_08.csv
7599,95,35,2026-08-11,fulfilled,orders_08.csv
7600,303,20,2026-08-28,fulfilled,orders_08.csv
7601,2,80,2026-08-07,paid,orders_08.csv
7602,366,50,2026-08-27,paid,orders_08.csv
7603,131,35,2026-08-05,cancelled,orders_08.csv
7604,348,80,2026-08-28,paid,orders_08.csv
7605,3,120,2026-08-23,paid,orders_08.csv
7606,187,20,2026-08-20,paid,orders_08.csv
7607,221,20,2026-08-02,paid,orders_08.csv
7608,302,10,2026-08-08,fulfilled,orders_08.csv
7609,39,80,2026-08-07,paid,orders_08.csv
7610,118,15,2026-08-04,paid,orders_08.csv
7611,300,10,2026-08-15,paid,orders_08.csv
7612,162,35,2026-08-14,paid,orders_08.csv
7613,206,35,2026-08-26,paid,orders_08.csv
7614,195,120,2026-08-11,fulfilled,orders_08.csv
7615,275,10,2026-08-06,paid,orders_08.csv
7616,288,35,2026-08-15,paid,orders_08.csv
7617,383,15,2026-08-03,paid,orders_08.csv
7618,66,10,2026-08-28,cancelled,orders_08.csv
7619,389,35,2026-08-22,fulfilled,orders_08.csv
7620,194,80,2026-08-16,paid,orders_08.csv
7621,217,35,2026-08-20,paid,orders_08.csv
7622,238,20,2026-08-30,cancelled,orders_08.csv
7623,308,50,2026-08-04,paid,orders_08.csv
7624,191,15,2026-08-11,cancelled,orders_08.csv
7625,379,15,2026-08-21,paid,orders_08.csv
7626,354,120,2026-08-15,fulfilled,orders_08.csv
7627,254,35,2026-08-17,cancelled,orders_08.csv
7628,74,15,2026-08-21,paid,orders_08.csv
7629,170,10,2026-08-12,paid,orders_08.csv
7630,61,35,2026-08-10,paid,orders_08.csv
7631,237,80,2026-08-24,fulfilled,orders_08.csv
7632,207,10,2026-08-01,cancelled,orders_08.csv
7633,267,35,2026-08-02,paid,orders_08.csv
7634,270,80,2026-08-01,paid,orders_08.csv
7635,387,120,2026-08-07,paid,orders_08.csv
7636,167,15,2026-08-14,paid,orders_08.csv
7637,318,15,2026-08-21,cancelled,orders_08.csv
7638,135,15,2026-08-30,paid,orders_08.csv
7639,128,20,2026-08-31,cancelled,orders_08.csv
7640,19,80,2026-08-02,paid,orders_08.csv
7641,313,80,2026-08-01,paid,orders_08.csv
7642,399,35,2026-08-01,cancelled,orders_08.csv
7643,216,80,2026-08-27,fulfilled,orders_08.csv
7644,9,80,2026-08-12,cancelled,orders_08.csv
7645,232,15,2026-08-23,cancelled,orders_08.csv
7646,81,120,2026-08-02,fulfilled,orders_08.csv
7647,293,20,2026-08-11,cancelled,orders_08.csv
7648,11,20,2026-08-15,paid,orders_08.csv
7649,179,10,2026-08-29,paid,orders_08.csv
7650,38,35,2026-08-25,paid,orders_08.csv
7651,214,120,2026-08-17,paid,orders_08.csv
7652,372,35,2026-08-26,paid,orders_08.csv
7653,62,20,2026-08-26,paid,orders_08.csv
7654,48,120,2026-08-13,cancelled,orders_08.csv
7655,323,50,2026-08-27,paid,orders_08.csv
7656,114,10,2026-08-13,paid,orders_08.csv
7657,1,80,2026-08-20,cancelled,orders_08.csv
7658,356,120,2026-08-14,cancelled,orders_08.csv
7659,85,50,2026-08-19,paid,orders_08.csv
7660,91,120,2026-08-03,paid,orders_08.csv
7661,90,20,2026-08-08,paid,orders_08.csv
7662,31,20,2026-08-13,fulfilled,orders_08.csv
7663,66,50,2026-08-22,fulfilled,orders_08.csv
7664,360,20,2026-08-07,cancelled,orders_08.csv
7665,393,15,2026-08-01,paid,orders_08.csv
7666,106,80,2026-08-14,fulfilled,orders_08.csv
7667,119,20,2026-08-23,paid,orders_08.csv
7668,174,80,2026-08-28,fulfilled,orders_08.csv
7669,118,35,2026-08-19,cancelled,orders_08.csv
7670,40,10,2026-08-13,paid,orders_08.csv
7671,160,50,2026-08-04,paid,orders_08.csv
7672,25,120,2026-08-16,paid,orders_08.csv
7673,356,50,2026-08-24,paid,orders_08.csv
7674,19,80,2026-08-07,paid,orders_08.csv
7675,318,50,2026-08-27,paid,orders_08.csv
7676,290,35,2026-08-20,fulfilled,orders_08.csv
7677,138,20,2026-08-08,paid,orders_08.csv
7678,174,80,2026-08-21,fulfilled,orders_08.csv
7679,89,35,2026-08-30,paid,orders_08.csv
7680,261,35,2026-08-31,paid,orders_08.csv
7681,155,15,2026-08-28,cancelled,orders_08.csv
7682,247,20,2026-08-08,cancelled,orders_08.csv
7683,327,50,2026-08-22,cancelled,orders_08.csv
7684,283,20,2026-08-26,paid,orders_08.csv
7685,278,120,2026-08-24,paid,orders_08.csv
7686,58,15,2026-08-03,paid,orders_08.csv
7687,11,15,2026-08-28,fulfilled,orders_08.csv
7688,4,50,2026-08-06,paid,orders_08.csv
7689,196,120,2026-08-12,paid,orders_08.csv
7690,2,120,2026-08-16,paid,orders_08.csv
7691,125,120,2026-08-22,paid,orders_08.csv
7692,213,20,2026-08-05,paid,orders_08.csv
7693,166,15,2026-08-11,paid,orders_08.csv
7694,159,80,2026-08-17,cancelled,orders_08.csv
7695,340,10,2026-08-16,paid,orders_08.csv
7696,242,35,2026-08-03,paid,orders_08.csv
7697,248,15,2026-08-27,paid,orders_08.csv
7698,257,35,2026-08-31,cancelled,orders_08.csv
7699,3,20,2026-08-04,paid,orders_08.csv
7700,278,80,2026-08-20,paid,orders_08.csv
7701,309,50,2026-08-21,fulfilled,orders_08.csv
7702,36,80,2026-08-17,paid,orders_08.csv
7703,294,120,2026-08-07,paid,orders_08.csv
7704,394,10,2026-08-03,paid,orders_08.csv
7705,178,10,2026-08-15,paid,orders_08.csv
7706,196,20,2026-08-19,paid,orders_08.csv
7707,208,50,2026-08-09,paid,orders_08.csv
7708,214,15,2026-08-22,paid,orders_08.csv
7709,211,10,2026-08-13,fulfilled,orders_08.csv
7710,272,15,2026-08-26,paid,orders_08.csv
7711,143,15,2026-08-05,paid,orders_08.csv
7712,400,120,2026-08-17,paid,orders_08.csv
7713,274,15,2026-08-16,paid,orders_08.csv
7714,95,15,2026-08-08,fulfilled,orders_08.csv
7715,241,20,2026-08-03,paid,orders_08.csv
7716,339,10,2026-08-21,paid,orders_08.csv
7717,303,50,2026-08-03,paid,orders_08.csv
7718,346,10,2026-08-01,cancelled,orders_08.csv
7719,308,120,2026-08-19,paid,orders_08.csv
7720,396,20,2026-08-04,paid,orders_08.csv
7721,302,35,2026-08-30,cancelled,orders_08.csv
7722,175,20,2026-08-31,fulfilled,orders_08.csv
7723,217,50,2026-08-19,cancelled,orders_08.csv
7724,355,15,2026-08-27,cancelled,orders_08.csv
7725,368,120,2026-08-30,paid,orders_08.csv
7726,390,15,2026-08-10,paid,orders_08.csv
7727,292,35,2026-08-06,fulfilled,orders_08.csv
7728,119,35,2026-08-30,fulfilled,orders_08.csv
7729,377,80,2026-08-08,paid,orders_08.csv
7730,219,35,2026-08-16,paid,orders_08.csv
7731,155,35,2026-08-24,paid,orders_08.csv
7732,343,120,2026-08-23,fulfilled,orders_08.csv
7733,23,35,2026-08-23,fulfilled,orders_08.csv
7734,257,10,2026-08-12,fulfilled,orders_08.csv
7735,273,120,2026-08-06,paid,orders_08.csv
7736,54,35,2026-08-10,fulfilled,orders_08.csv
7737,37,15,2026-08-03,fulfilled,orders_08.csv
7738,179,35,2026-08-15,cancelled,orders_08.csv
7739,272,20,2026-08-09,fulfilled,orders_08.csv
7740,69,35,2026-08-20,paid,orders_08.csv
7741,287,10,2026-08-21,paid,orders_08.csv
7742,77,20,2026-08-10,paid,orders_08.csv
7743,381,35,2026-08-11,fulfilled,orders_08.csv
7744,3,15,2026-08-20,paid,orders_08.csv
7745,106,20,2026-08-31,paid,orders_08.csv
7746,170,35,2026-08-13,paid,orders_08.csv
7747,289,35,2026-08-31,cancelled,orders_08.csv
7748,266,10,2026-08-19,cancelled,orders_08.csv
7749,121,20,2026-08-20,paid,orders_08.csv
7750,74,50,2026-08-24,cancelled,orders_08.csv
7751,35,80,2026-08-19,paid,orders_08.csv
7752,214,80,2026-08-12,fulfilled,orders_08.csv
7753,193,50,2026-08-10,paid,orders_08.csv
7754,142,50,2026-08-07,paid,orders_08.csv
7755,249,20,2026-08-08,paid,orders_08.csv
7756,381,50,2026-08-16,paid,orders_08.csv
7757,108,35,2026-08-31,paid,orders_08.csv
7758,259,120,2026-08-14,paid,orders_08.csv
7759,37,10,2026-08-26,paid,orders_08.csv
7760,253,120,2026-08-12,paid,orders_08.csv
7761,41,35,2026-08-16,paid,orders_08.csv
7762,78,35,2026-08-09,paid,orders_08.csv
7763,84,80,2026-08-02,paid,orders_08.csv
7764,255,120,2026-08-19,cancelled,orders_08.csv
7765,115,35,2026-08-05,paid,orders_08.csv
7766,4,10,2026-08-15,fulfilled,orders_08.csv
7767,370,80,2026-08-09,paid,orders_08.csv
7768,313,20,2026-08-17,paid,orders_08.csv
7769,150,50,2026-08-31,paid,orders_08.csv
7770,326,15,2026-08-09,paid,orders_08.csv
7771,71,50,2026-08-21,cancelled,orders_08.csv
7772,299,35,2026-08-30,paid,orders_08.csv
7773,5,15,2026-08-16,paid,orders_08.csv
7774,276,20,2026-08-23,paid,orders_08.csv
7775,27,20,2026-08-10,fulfilled,orders_08.csv
7776,118,35,2026-08-03,paid,orders_08.csv
7777,80,20,2026-08-15,paid,orders_08.csv
7778,127,50,2026-08-05,paid,orders_08.csv
7779,231,15,2026-08-29,paid,orders_08.csv
7780,234,20,2026-08-11,cancelled,orders_08.csv
7781,93,15,2026-08-13,paid,orders_08.csv
7782,207,10,2026-08-09,cancelled,orders_08.csv
7783,49,10,2026-08-16,paid,orders_08.csv
7784,83,15,2026-08-14,paid,orders_08.csv
7785,121,10,2026-08-08,paid,orders_08.csv
7786,335,10,2026-08-03,fulfilled,orders_08.csv
7787,267,20,2026-08-31,paid,orders_08.csv
7788,358,10,2026-08-23,cancelled,orders_08.csv
7789,277,50,2026-08-05,paid,orders_08.csv
7790,297,80,2026-08-16,fulfilled,orders_08.csv
7791,168,10,2026-08-27,paid,orders_08.csv
7792,45,10,2026-08-23,fulfilled,orders_08.csv
7793,173,10,2026-08-04,paid,orders_08.csv
7794,305,80,2026-08-09,cancelled,orders_08.csv
7795,25,20,2026-08-31,paid,orders_08.csv
7796,321,120,2026-08-04,fulfilled,orders_08.csv
7797,125,50,2026-08-31,fulfilled,orders_08.csv
7798,110,15,2026-08-04,paid,orders_08.csv
7799,313,15,2026-08-01,cancelled,orders_08.csv
7800,354,10,2026-08-25,paid,orders_08.csv
7801,90,20,2026-08-03,cancelled,orders_08.csv
7802,108,120,2026-08-09,paid,orders_08.csv
7803,173,15,2026-08-04,cancelled,orders_08.csv
7804,4,15,2026-08-20,cancelled,orders_08.csv
7805,315,35,2026-08-07,cancelled,orders_08.csv
7806,19,10,2026-08-17,paid,orders_08.csv
7807,92,80,2026-08-08,paid,orders_08.csv
7808,380,10,2026-08-03,paid,orders_08.csv
7809,375,120,2026-08-09,fulfilled,orders_08.csv
7810,205,20,2026-08-18,fulfilled,orders_08.csv
7811,17,50,2026-08-31,paid,orders_08.csv
7812,290,35,2026-08-03,paid,orders_08.csv
7813,348,35,2026-08-12,fulfilled,orders_08.csv
7814,196,50,2026-08-19,fulfilled,orders_08.csv
7815,27,50,2026-08-06,paid,orders_08.csv
7816,243,10,2026-08-19,paid,orders_08.csv
7817,260,20,2026-08-01,paid,orders_08.csv
7818,307,35,2026-08-18,fulfilled,orders_08.csv
7819,323,10,2026-08-30,paid,orders_08.csv
7820,132,15,2026-08-04,cancelled,orders_08.csv
7821,273,120,2026-08-01,paid,orders_08.csv
7822,392,120,2026-08-13,fulfilled,orders_08.csv
7823,183,20,2026-08-08,paid,orders_08.csv
7824,155,80,2026-08-05,paid,orders_08.csv
7825,159,10,2026-08-08,cancelled,orders_08.csv
7826,319,10,2026-08-21,paid,orders_08.csv
7827,348,20,2026-08-28,paid,orders_08.csv
7828,227,20,2026-08-20,paid,orders_08.csv
7829,194,20,2026-08-06,paid,orders_08.csv
7830,46,80,2026-08-26,fulfilled,orders_08.csv
7831,53,10,2026-08-19,paid,orders_08.csv
7832,132,120,2026-08-17,paid,orders_08.csv
7833,328,80,2026-08-10,cancelled,orders_08.csv
7834,249,50,2026-08-16,fulfilled,orders_08.csv
7835,10,50,2026-08-16,paid,orders_08.csv
7836,17,35,2026-08-10,paid,orders_08.csv
7837,250,35,2026-08-30,paid,orders_08.csv
7838,182,15,2026-08-11,paid,orders_08.csv
7839,10,50,2026-08-20,cancelled,orders_08.csv
7840,184,15,2026-08-16,paid,orders_08.csv
7841,201,10,2026-08-03,paid,orders_08.csv
7842,196,50,2026-08-23,paid,orders_08.csv
7843,318,50,2026-08-21,paid,orders_08.csv
7844,197,35,2026-08-02,cancelled,orders_08.csv
7845,10,50,2026-08-27,paid,orders_08.csv
7846,177,10,2026-08-02,paid,orders_08.csv
7847,398,15,2026-08-18,paid,orders_08.csv
7848,331,120,2026-08-23,paid,orders_08.csv
7849,238,120,2026-08-09,fulfilled,orders_08.csv
7850,346,15,2026-08-11,paid,orders_08.csv
7851,298,80,2026-08-28,paid,orders_08.csv
7852,61,10,2026-08-01,cancelled,orders_08.csv
7853,398,50,2026-08-28,fulfilled,orders_08.csv
7854,54,50,2026-08-29,cancelled,orders_08.csv
7855,94,120,2026-08-11,paid,orders_08.csv
7856,77,35,2026-08-30,paid,orders_08.csv
7857,337,120,2026-08-29,paid,orders_08.csv
7858,73,120,2026-08-29,paid,orders_08.csv
7859,298,50,2026-08-03,fulfilled,orders_08.csv
7860,185,35,2026-08-30,paid,orders_08.csv
7861,361,15,2026-08-11,cancelled,orders_08.csv
7862,74,35,2026-08-24,cancelled,orders_08.csv
7863,131,80,2026-08-11,paid,orders_08.csv
7864,114,35,2026-08-23,cancelled,orders_08.csv
7865,216,20,2026-08-09,cancelled,orders_08.csv
7866,83,15,2026-08-08,paid,orders_08.csv
7867,187,80,2026-08-16,fulfilled,orders_08.csv
7868,391,20,2026-08-03,fulfilled,orders_08.csv
7869,137,120,2026-08-02,paid,orders_08.csv
7870,44,10,2026-08-04,fulfilled,orders_08.csv
7871,398,20,2026-08-05,paid,orders_08.csv
7872,318,35,2026-08-23,fulfilled,orders_08.csv
7873,341,15,2026-08-26,cancelled,orders_08.csv
7874,94,10,2026-08-19,fulfilled,orders_08.csv
7875,340,20,2026-08-05,paid,orders_08.csv
7876,59,50,2026-08-28,cancelled,orders_08.csv
7877,364,35,2026-08-27,fulfilled,orders_08.csv
7878,197,50,2026-08-05,paid,orders_08.csv
7879,180,35,2026-08-22,paid,orders_08.csv
7880,261,10,2026-08-09,paid,orders_08.csv
7881,251,120,2026-08-06,paid,orders_08.csv
7882,225,120,2026-08-10,paid,orders_08.csv
7883,82,50,2026-08-21,paid,orders_08.csv
7884,278,120,2026-08-10,paid,orders_08.csv
7885,6,35,2026-08-09,paid,orders_08.csv
7886,285,10,2026-08-12,cancelled,orders_08.csv
7887,137,35,2026-08-22,fulfilled,orders_08.csv
7888,262,35,2026-08-18,paid,orders_08.csv
7889,184,10,2026-08-02,paid,orders_08.csv
7890,32,35,2026-08-18,paid,orders_08.csv
7891,115,120,2026-08-27,paid,orders_08.csv
7892,12,50,2026-08-11,paid,orders_08.csv
7893,310,50,2026-08-09,paid,orders_08.csv
7894,51,20,2026-08-04,paid,orders_08.csv
7895,277,50,2026-08-03,paid,orders_08.csv
7896,238,120,2026-08-31,paid,orders_08.csv
7897,142,120,2026-08-12,paid,orders_08.csv
7898,308,120,2026-08-24,paid,orders_08.csv
7899,349,80,2026-08-03,paid,orders_08.csv
7900,218,20,2026-08-13,cancelled,orders_08.csv
7901,270,120,2026-08-12,paid,orders_08.csv
7902,280,20,2026-08-29,paid,orders_08.csv
7903,399,50,2026-08-01,cancelled,orders_08.csv
7904,253,10,2026-08-03,paid,orders_08.csv
7905,369,20,2026-08-29,cancelled,orders_08.csv
7906,8,15,2026-08-16,cancelled,orders_08.csv
7907,107,10,2026-08-21,paid,orders_08.csv
7908,264,80,2026-08-18,cancelled,orders_08.csv
7909,67,120,2026-08-06,paid,orders_08.csv
7910,70,20,2026-08-27,paid,orders_08.csv
7911,240,120,2026-08-18,cancelled,orders_08.csv
7912,174,10,2026-08-06,paid,orders_08.csv
7913,381,120,2026-08-16,paid,orders_08.csv
7914,247,50,2026-08-10,paid,orders_08.csv
7915,32,35,2026-08-02,paid,orders_08.csv
7916,40,50,2026-08-24,paid,orders_08.csv
7917,199,20,2026-08-12,paid,orders_08.csv
7918,108,80,2026-08-18,fulfilled,orders_08.csv
7919,236,120,2026-08-18,cancelled,orders_08.csv
7920,335,50,2026-08-09,fulfilled,orders_08.csv
7921,106,15,2026-08-05,cancelled,orders_08.csv
7922,44,120,2026-08-17,fulfilled,orders_08.csv
7923,23,10,2026-08-14,fulfilled,orders_08.csv
7924,71,120,2026-08-30,paid,orders_08.csv
7925,282,15,2026-08-21,paid,orders_08.csv
7926,216,10,2026-08-17,fulfilled,orders_08.csv
7927,365,35,2026-08-14,paid,orders_08.csv
7928,267,120,2026-08-13,paid,orders_08.csv
7929,263,15,2026-08-02,paid,orders_08.csv
7930,281,20,2026-08-25,paid,orders_08.csv
7931,178,10,2026-08-24,paid,orders_08.csv
7932,187,15,2026-08-22,paid,orders_08.csv
7933,222,15,2026-08-30,paid,orders_08.csv
7934,274,10,2026-08-18,paid,orders_08.csv
7935,343,35,2026-08-29,fulfilled,orders_08.csv
7936,363,20,2026-08-21,paid,orders_08.csv
7937,234,50,2026-08-08,cancelled,orders_08.csv
7938,368,50,2026-08-12,fulfilled,orders_08.csv
7939,44,20,2026-08-14,paid,orders_08.csv
7940,76,20,2026-08-16,paid,orders_08.csv
7941,94,80,2026-08-20,paid,orders_08.csv
7942,120,120,2026-08-08,paid,orders_08.csv
7943,94,35,2026-08-27,paid,orders_08.csv
7944,350,80,2026-08-23,cancelled,orders_08.csv
7945,129,10,2026-08-25,paid,orders_08.csv
7946,253,35,2026-08-22,cancelled,orders_08.csv
7947,337,50,2026-08-25,fulfilled,orders_08.csv
7948,47,120,2026-08-24,paid,orders_08.csv
7949,192,10,2026-08-16,paid,orders_08.csv
7950,205,120,2026-08-03,paid,orders_08.csv
7951,192,20,2026-08-28,paid,orders_08.csv
7952,130,10,2026-08-17,paid,orders_08.csv
7953,66,10,2026-08-28,cancelled,orders_08.csv
7954,192,120,2026-08-08,fulfilled,orders_08.csv
7955,86,120,2026-08-31,fulfilled,orders_08.csv
7956,67,15,2026-08-01,paid,orders_08.csv
7957,147,50,2026-08-28,paid,orders_08.csv
7958,161,35,2026-08-20,paid,orders_08.csv
7959,298,15,2026-08-14,cancelled,orders_08.csv
7960,141,15,2026-08-16,paid,orders_08.csv
7961,220,50,2026-08-09,cancelled,orders_08.csv
7962,393,20,2026-08-29,cancelled,orders_08.csv
7963,142,10,2026-08-21,paid,orders_08.csv
7964,332,15,2026-08-07,cancelled,orders_08.csv
7965,167,10,2026-08-25,paid,orders_08.csv
7966,250,50,2026-08-05,paid,orders_08.csv
7967,95,50,2026-08-13,paid,orders_08.csv
7968,25,15,2026-08-07,paid,orders_08.csv
7969,71,10,2026-08-21,cancelled,orders_08.csv
7970,363,50,2026-08-03,fulfilled,orders_08.csv
7971,58,50,2026-08-12,fulfilled,orders_08.csv
7972,201,80,2026-08-11,cancelled,orders_08.csv
7973,216,80,2026-08-02,cancelled,orders_08.csv
7974,23,35,2026-08-18,cancelled,orders_08.csv
7975,178,10,2026-08-29,paid,orders_08.csv
7976,96,120,2026-08-31,fulfilled,orders_08.csv
7977,309,10,2026-08-30,cancelled,orders_08.csv
7978,103,50,2026-08-22,paid,orders_08.csv
7979,377,120,2026-08-05,paid,orders_08.csv
7980,259,10,2026-08-19,fulfilled,orders_08.csv
7981,85,15,2026-08-01,cancelled,orders_08.csv
7982,288,80,2026-08-04,fulfilled,orders_08.csv
7983,91,10,2026-08-17,fulfilled,orders_08.csv
7984,251,120,2026-08-31,paid,orders_08.csv
7985,244,10,2026-08-07,paid,orders_08.csv
7986,208,120,2026-08-04,paid,orders_08.csv
7987,298,35,2026-08-19,paid,orders_08.csv
7988,360,35,2026-08-02,paid,orders_08.csv
7989,354,35,2026-08-13,cancelled,orders_08.csv
7990,365,35,2026-08-03,cancelled,orders_08.csv
7991,240,80,2026-08-10,paid,orders_08.csv
7992,189,50,2026-08-13,cancelled,orders_08.csv
7993,285,50,2026-08-25,paid,orders_08.csv
7994,253,10,2026-08-09,paid,orders_08.csv
7995,75,20,2026-08-31,cancelled,orders_08.csv
7996,8,80,2026-08-27,fulfilled,orders_08.csv
7997,319,120,2026-08-27,cancelled,orders_08.csv
7998,203,20,2026-08-15,fulfilled,orders_08.csv
7999,277,50,2026-08-21,paid,orders_08.csv
8000,7,15,2026-08-02,fulfilled,orders_08.csv
8001,50,50,2026-08-20,paid,orders_08.csv
8002,19,50,2026-08-03,paid,orders_08.csv
8003,69,20,2026-08-03,fulfilled,orders_08.csv
8004,306,10,2026-08-26,cancelled,orders_08.csv
8005,376,50,2026-08-12,paid,orders_08.csv
8006,214,35,2026-08-18,paid,orders_08.csv
8007,95,80,2026-08-14,paid,orders_08.csv
8008,355,35,2026-08-25,paid,orders_08.csv
8009,248,20,2026-08-18,paid,orders_08.csv
8010,313,10,2026-08-04,cancelled,orders_08.csv
8011,387,80,2026-08-18,cancelled,orders_08.csv
8012,186,80,2026-08-06,fulfilled,orders_08.csv
8013,104,35,2026-08-26,paid,orders_08.csv
8014,241,15,2026-08-28,paid,orders_08.csv
8015,313,50,2026-08-11,paid,orders_08.csv
8016,213,20,2026-08-15,fulfilled,orders_08.csv
8017,7,35,2026-08-13,fulfilled,orders_08.csv
8018,248,35,2026-08-08,fulfilled,orders_08.csv
8019,340,80,2026-08-12,fulfilled,orders_08.csv
8020,7,15,2026-08-25,paid,orders_08.csv
8021,280,20,2026-08-10,paid,orders_08.csv
8022,33,10,2026-08-07,paid,orders_08.csv
8023,79,120,2026-08-12,paid,orders_08.csv
8024,74,10,2026-08-17,paid,orders_08.csv
8025,262,20,2026-08-30,paid,orders_08.csv
8026,157,15,2026-08-22,fulfilled,orders_08.csv
8027,120,120,2026-08-18,cancelled,orders_08.csv
8028,58,80,2026-08-04,cancelled,orders_08.csv
8029,332,50,2026-08-01,paid,orders_08.csv
8030,281,35,2026-08-26,paid,orders_08.csv
8031,382,50,2026-08-18,paid,orders_08.csv
8032,399,50,2026-08-30,cancelled,orders_08.csv
8033,211,15,2026-08-06,paid,orders_08.csv
8034,381,120,2026-08-23,paid,orders_08.csv
8035,272,35,2026-08-03,paid,orders_08.csv
8036,240,120,2026-08-10,cancelled,orders_08.csv
8037,382,10,2026-08-18,cancelled,orders_08.csv
8038,36,50,2026-08-09,fulfilled,orders_08.csv
8039,243,10,2026-08-09,cancelled,orders_08.csv
8040,342,15,2026-08-23,paid,orders_08.csv
8041,83,10,2026-08-16,paid,orders_08.csv
8042,370,80,2026-08-24,paid,orders_08.csv
8043,287,10,2026-08-30,paid,orders_08.csv
8044,38,10,2026-08-07,paid,orders_08.csv
8045,100,120,2026-08-06,paid,orders_08.csv
8046,357,10,2026-08-01,paid,orders_08.csv
8047,161,10,2026-08-12,cancelled,orders_08.csv
8048,67,20,2026-08-16,fulfilled,orders_08.csv
8049,58,35,2026-08-24,cancelled,orders_08.csv
8050,38,15,2026-08-27,fulfilled,orders_08.csv
8051,34,15,2026-08-30,cancelled,orders_08.csv
8052,270,15,2026-08-22,paid,orders_08.csv
8053,165,10,2026-08-07,paid,orders_08.csv
8054,101,20,2026-08-24,cancelled,orders_08.csv
8055,167,10,2026-08-01,paid,orders_08.csv
8056,186,10,2026-08-19,paid,orders_08.csv
8057,147,50,2026-08-28,paid,orders_08.csv
8058,123,80,2026-08-21,fulfilled,orders_08.csv
8059,370,50,2026-08-19,paid,orders_08.csv
8060,116,20,2026-08-05,paid,orders_08.csv
8061,324,120,2026-08-05,cancelled,orders_08.csv
8062,366,10,2026-08-09,paid,orders_08.csv
8063,245,50,2026-08-01,fulfilled,orders_08.csv
8064,384,120,2026-08-18,paid,orders_08.csv
8065,80,20,2026-08-17,cancelled,orders_08.csv
8066,133,35,2026-08-23,paid,orders_08.csv
8067,119,35,2026-08-06,cancelled,orders_08.csv
8068,383,10,2026-08-12,paid,orders_08.csv
8069,284,120,2026-08-09,paid,orders_08.csv
8070,374,80,2026-08-30,paid,orders_08.csv
8071,266,35,2026-08-23,fulfilled,orders_08.csv
8072,390,20,2026-08-22,cancelled,orders_08.csv
8073,285,50,2026-08-30,fulfilled,orders_08.csv
8074,88,120,2026-08-03,fulfilled,orders_08.csv
8075,67,20,2026-08-29,paid,orders_08.csv
8076,57,120,2026-08-23,fulfilled,orders_08.csv
8077,11,10,2026-08-29,paid,orders_08.csv
8078,17,120,2026-08-08,cancelled,orders_08.csv
8079,100,35,2026-08-22,fulfilled,orders_08.csv
8080,166,50,2026-08-29,paid,orders_08.csv
8081,270,80,2026-08-24,fulfilled,orders_08.csv
8082,256,50,2026-08-20,cancelled,orders_08.csv
8083,111,20,2026-08-18,fulfilled,orders_08.csv
8084,82,120,2026-08-28,paid,orders_08.csv
8085,142,80,2026-08-23,paid,orders_08.csv
8086,327,50,2026-08-17,paid,orders_08.csv
8087,266,10,2026-08-22,fulfilled,orders_08.csv
8088,224,15,2026-08-10,paid,orders_08.csv
8089,32,10,2026-08-15,paid,orders_08.csv
8090,233,120,2026-08-09,paid,orders_08.csv
8091,153,120,2026-08-02,cancelled,orders_08.csv
8092,211,120,2026-08-26,paid,orders_08.csv
8093,264,35,2026-08-09,paid,orders_08.csv
8094,231,80,2026-08-17,cancelled,orders_08.csv
8095,349,10,2026-08-12,paid,orders_08.csv
8096,3,80,2026-08-03,paid,orders_08.csv
8097,55,10,2026-08-14,paid,orders_08.csv
8098,329,80,2026-08-18,paid,orders_08.csv
8099,364,80,2026-08-25,paid,orders_08.csv
8100,270,10,2026-08-27,paid,orders_08.csv
8101,44,50,2026-08-26,paid,orders_08.csv
8102,175,15,2026-08-23,paid,orders_08.csv
8103,167,120,2026-08-28,fulfilled,orders_08.csv
8104,91,15,2026-08-19,paid,orders_08.csv
8105,244,10,2026-08-08,paid,orders_08.csv
8106,23,10,2026-08-18,fulfilled,orders_08.csv
8107,69,20,2026-08-22,paid,orders_08.csv
8108,384,80,2026-08-12,paid,orders_08.csv
8109,278,50,2026-08-25,paid,orders_08.csv
8110,275,35,2026-08-20,cancelled,orders_08.csv
8111,133,20,2026-08-20,paid,orders_08.csv
8112,216,120,2026-08-22,paid,orders_08.csv
8113,389,80,2026-08-21,paid,orders_08.csv
8114,352,80,2026-08-06,cancelled,orders_08.csv
8115,55,20,2026-08-17,cancelled,orders_08.csv
8116,372,120,2026-08-12,paid,orders_08.csv
8117,395,10,2026-08-22,paid,orders_08.csv
8118,138,50,2026-08-16,cancelled,orders_08.csv
8119,204,20,2026-08-31,fulfilled,orders_08.csv
8120,276,120,2026-08-05,cancelled,orders_08.csv
8121,228,20,2026-08-22,paid,orders_08.csv
8122,95,80,2026-08-09,paid,orders_08.csv
8123,15,15,2026-08-18,paid,orders_08.csv
8124,185,10,2026-08-23,cancelled,orders_08.csv
8125,148,20,2026-08-11,fulfilled,orders_08.csv
8126,128,15,2026-08-03,cancelled,orders_08.csv
8127,308,20,2026-08-01,fulfilled,orders_08.csv
8128,350,120,2026-08-19,paid,orders_08.csv
8129,64,50,2026-08-27,paid,orders_08.csv
8130,47,15,2026-08-30,paid,orders_08.csv
8131,53,120,2026-08-23,cancelled,orders_08.csv
8132,306,120,2026-08-02,fulfilled,orders_08.csv
8133,122,80,2026-08-27,cancelled,orders_08.csv
8134,57,120,2026-08-10,fulfilled,orders_08.csv
8135,242,10,2026-08-03,paid,orders_08.csv
8136,187,15,2026-08-31,paid,orders_08.csv
8137,387,80,2026-08-30,paid,orders_08.csv
8138,49,35,2026-08-19,paid,orders_08.csv
8139,342,20,2026-08-25,fulfilled,orders_08.csv
8140,205,35,2026-08-08,paid,orders_08.csv
8141,323,80,2026-08-13,cancelled,orders_08.csv
8142,32,20,2026-08-06,cancelled,orders_08.csv
8143,264,15,2026-08-25,cancelled,orders_08.csv
8144,253,80,2026-08-20,cancelled,orders_08.csv
8145,136,20,2026-08-18,paid,orders_08.csv
8146,110,35,2026-08-17,paid,orders_08.csv
8147,267,80,2026-08-13,paid,orders_08.csv
8148,271,50,2026-08-07,cancelled,orders_08.csv
8149,297,10,2026-08-23,fulfilled,orders_08.csv
8150,261,80,2026-08-29,fulfilled,orders_08.csv
8151,4,50,2026-08-29,paid,orders_08.csv
8152,23,80,2026-08-26,fulfilled,orders_08.csv
8153,382,20,2026-08-04,fulfilled,orders_08.csv
8154,147,20,2026-08-11,paid,orders_08.csv
8155,151,35,2026-08-16,paid,orders_08.csv
8156,160,20,2026-08-24,cancelled,orders_08.csv
8157,257,20,2026-08-23,paid,orders_08.csv
8158,323,20,2026-08-25,fulfilled,orders_08.csv
8159,57,120,2026-08-17,paid,orders_08.csv
8160,74,35,2026-08-23,cancelled,orders_08.csv
8161,225,20,2026-08-14,paid,orders_08.csv
8162,390,80,2026-08-15,fulfilled,orders_08.csv
8163,201,50,2026-08-29,paid,orders_08.csv
8164,190,15,2026-08-06,paid,orders_08.csv
8165,103,20,2026-08-02,paid,orders_08.csv
8166,91,80,2026-08-30,fulfilled,orders_08.csv
8167,68,80,2026-08-16,fulfilled,orders_08.csv
8168,127,20,2026-08-08,paid,orders_08.csv
8169,142,10,2026-08-11,paid,orders_08.csv
8170,367,120,2026-08-25,paid,orders_08.csv
8171,136,15,2026-08-29,fulfilled,orders_08.csv
8172,1,80,2026-08-05,paid,orders_08.csv
8173,118,10,2026-08-18,paid,orders_08.csv
8174,217,80,2026-08-10,paid,orders_08.csv
8175,303,80,2026-08-20,paid,orders_08.csv
8176,117,80,2026-08-25,paid,orders_08.csv
8177,128,15,2026-08-06,paid,orders_08.csv
8178,283,80,2026-08-02,paid,orders_08.csv
8179,97,120,2026-08-07,paid,orders_08.csv
8180,45,20,2026-08-02,paid,orders_08.csv
8181,82,80,2026-08-03,paid,orders_08.csv
8182,196,50,2026-08-03,paid,orders_08.csv
8183,1,50,2026-08-04,paid,orders_08.csv
8184,173,80,2026-08-26,paid,orders_08.csv
8185,51,50,2026-08-02,paid,orders_08.csv
8186,378,120,2026-08-17,paid,orders_08.csv
8187,143,80,2026-08-13,paid,orders_08.csv
8188,360,80,2026-08-26,paid,orders_08.csv
8189,65,80,2026-08-05,paid,orders_08.csv
8190,239,80,2026-08-19,paid,orders_08.csv
8191,392,50,2026-08-06,paid,orders_08.csv
8192,130,10,2026-08-07,fulfilled,orders_08.csv
8193,186,80,2026-08-21,fulfilled,orders_08.csv
8194,84,120,2026-08-01,cancelled,orders_08.csv
8195,266,15,2026-08-12,fulfilled,orders_08.csv
8196,333,80,2026-08-30,cancelled,orders_08.csv
8197,394,35,2026-08-15,paid,orders_08.csv
8198,281,35,2026-08-07,fulfilled,orders_08.csv
8199,172,120,2026-08-07,fulfilled,orders_08.csv
8200,114,120,2026-08-01,paid,orders_08.csv
8201,383,15,2026-08-26,fulfilled,orders_08.csv
8202,264,15,2026-08-08,paid,orders_08.csv
8203,111,80,2026-08-17,paid,orders_08.csv
8204,199,35,2026-08-25,paid,orders_08.csv
8205,361,50,2026-08-30,fulfilled,orders_08.csv
8206,48,20,2026-08-21,paid,orders_08.csv
8207,293,15,2026-08-01,fulfilled,orders_08.csv
8208,156,80,2026-08-28,paid,orders_08.csv
8209,283,50,2026-08-25,cancelled,orders_08.csv
8210,306,15,2026-08-25,paid,orders_08.csv
8211,293,50,2026-08-19,paid,orders_08.csv
8212,47,20,2026-08-07,cancelled,orders_08.csv
8213,250,120,2026-08-09,paid,orders_08.csv
8214,206,10,2026-08-21,paid,orders_08.csv
8215,29,10,2026-08-25,paid,orders_08.csv
8216,38,20,2026-08-18,fulfilled,orders_08.csv
8217,343,10,2026-08-24,paid,orders_08.csv
8218,261,50,2026-08-29,paid,orders_08.csv
8219,387,50,2026-08-21,paid,orders_08.csv
8220,107,120,2026-08-17,paid,orders_08.csv
8221,113,120,2026-08-06,fulfilled,orders_08.csv
8222,363,20,2026-08-05,cancelled,orders_08.csv
8223,196,35,2026-08-06,paid,orders_08.csv
8224,215,10,2026-08-03,paid,orders_08.csv
8225,68,120,2026-08-04,paid,orders_08.csv
8226,154,50,2026-08-04,cancelled,orders_08.csv
8227,269,15,2026-08-11,paid,orders_08.csv
8228,57,15,2026-08-17,paid,orders_08.csv
8229,21,10,2026-08-13,cancelled,orders_08.csv
8230,366,20,2026-08-16,paid,orders_08.csv
8231,93,10,2026-08-20,paid,orders_08.csv
8232,283,50,2026-08-19,paid,orders_08.csv
8233,202,10,2026-08-25,paid,orders_08.csv
8234,264,20,2026-08-18,paid,orders_08.csv
8235,13,50,2026-08-23,fulfilled,orders_08.csv
8236,362,35,2026-08-09,paid,orders_08.csv
8237,283,35,2026-08-17,paid,orders_08.csv
8238,202,10,2026-08-19,fulfilled,orders_08.csv
8239,55,35,2026-08-05,cancelled,orders_08.csv
8240,386,20,2026-08-19,fulfilled,orders_08.csv
8241,6,35,2026-08-24,paid,orders_08.csv
8242,375,15,2026-08-23,paid,orders_08.csv
8243,119,10,2026-08-20,cancelled,orders_08.csv
8244,90,20,2026-08-07,paid,orders_08.csv
8245,378,10,2026-08-30,paid,orders_08.csv
8246,47,10,2026-08-29,paid,orders_08.csv
8247,315,120,2026-08-31,paid,orders_08.csv
8248,310,35,2026-08-31,paid,orders_08.csv
8249,97,120,2026-08-02,paid,orders_08.csv
8250,164,15,2026-08-25,paid,orders_08.csv
8251,7,50,2026-08-03,fulfilled,orders_08.csv
8252,269,80,2026-08-20,fulfilled,orders_08.csv
8253,291,20,2026-08-06,paid,orders_08.csv
8254,96,120,2026-08-09,paid,orders_08.csv
8255,386,80,2026-08-31,fulfilled,orders_08.csv
8256,215,35,2026-08-31,cancelled,orders_08.csv
8257,120,10,2026-08-04,cancelled,orders_08.csv
8258,89,35,2026-08-09,paid,orders_08.csv
8259,248,50,2026-08-18,fulfilled,orders_08.csv
8260,125,10,2026-08-16,cancelled,orders_08.csv
8261,160,15,2026-08-29,paid,orders_08.csv
8262,326,20,2026-08-13,paid,orders_08.csv
8263,377,50,2026-08-14,paid,orders_08.csv
8264,270,20,2026-08-28,fulfilled,orders_08.csv
8265,271,15,2026-08-31,cancelled,orders_08.csv
8266,289,20,2026-08-27,paid,orders_08.csv
8267,249,20,2026-08-31,fulfilled,orders_08.csv
8268,174,80,2026-08-20,paid,orders_08.csv
8269,109,15,2026-08-18,cancelled,orders_08.csv
8270,341,10,2026-08-15,paid,orders_08.csv
8271,195,80,2026-08-06,paid,orders_08.csv
8272,223,20,2026-08-28,paid,orders_08.csv
8273,311,20,2026-08-27,paid,orders_08.csv
8274,112,15,2026-08-19,paid,orders_08.csv
8275,7,50,2026-08-30,cancelled,orders_08.csv
8276,250,120,2026-08-04,fulfilled,orders_08.csv
8277,6,80,2026-08-11,paid,orders_08.csv
8278,268,35,2026-08-14,paid,orders_08.csv
8279,175,80,2026-08-07,paid,orders_08.csv
8280,118,120,2026-08-26,paid,orders_08.csv
8281,186,35,2026-08-16,paid,orders_08.csv
8282,116,120,2026-08-14,paid,orders_08.csv
8283,252,10,2026-08-22,fulfilled,orders_08.csv
8284,307,80,2026-08-21,fulfilled,orders_08.csv
8285,254,10,2026-08-18,paid,orders_08.csv
8286,386,20,2026-08-23,cancelled,orders_08.csv
8287,86,50,2026-08-20,paid,orders_08.csv
8288,99,20,2026-08-14,fulfilled,orders_08.csv
8289,91,15,2026-08-12,paid,orders_08.csv
8290,162,20,2026-08-25,cancelled,orders_08.csv
8291,169,10,2026-08-30,paid,orders_08.csv
8292,159,80,2026-08-03,paid,orders_08.csv
8293,101,80,2026-08-04,cancelled,orders_08.csv
8294,394,15,2026-08-29,paid,orders_08.csv
8295,248,35,2026-08-25,paid,orders_08.csv
8296,63,35,2026-08-06,paid,orders_08.csv
8297,377,120,2026-08-14,cancelled,orders_08.csv
8298,67,10,2026-08-19,paid,orders_08.csv
8299,34,80,2026-08-05,fulfilled,orders_08.csv
8300,78,35,2026-08-01,paid,orders_08.csv
8301,131,15,2026-08-23,paid,orders_08.csv
8302,239,50,2026-08-21,cancelled,orders_08.csv
8303,397,15,2026-08-28,cancelled,orders_08.csv
8304,162,80,2026-08-02,paid,orders_08.csv
8305,249,10,2026-08-02,paid,orders_08.csv
8306,383,15,2026-08-20,fulfilled,orders_08.csv
8307,31,80,2026-08-01,paid,orders_08.csv
8308,100,50,2026-08-31,cancelled,orders_08.csv
8309,174,20,2026-08-16,paid,orders_08.csv
8310,175,10,2026-08-09,cancelled,orders_08.csv
8311,363,10,2026-08-30,cancelled,orders_08.csv
8312,122,80,2026-08-20,paid,orders_08.csv
8313,184,15,2026-08-20,paid,orders_08.csv
8314,290,80,2026-08-03,paid,orders_08.csv
8315,241,10,2026-08-15,paid,orders_08.csv
8316,58,20,2026-08-18,fulfilled,orders_08.csv
8317,175,20,2026-08-09,cancelled,orders_08.csv
8318,384,120,2026-08-22,cancelled,orders_08.csv
8319,131,35,2026-08-14,fulfilled,orders_08.csv
8320,184,20,2026-08-08,paid,orders_08.csv
8321,199,20,2026-08-29,paid,orders_08.csv
8322,5,15,2026-08-07,paid,orders_08.csv
8323,80,20,2026-08-25,fulfilled,orders_08.csv
8324,369,80,2026-08-03,paid,orders_08.csv
8325,390,80,2026-08-21,paid,orders_08.csv
8326,67,35,2026-08-16,paid,orders_08.csv
8327,194,80,2026-08-21,cancelled,orders_08.csv
8328,270,50,2026-08-05,paid,orders_08.csv
8329,31,120,2026-08-04,cancelled,orders_08.csv
8330,356,10,2026-08-23,fulfilled,orders_08.csv
8331,230,10,2026-08-29,paid,orders_08.csv
8332,10,15,2026-08-05,cancelled,orders_08.csv
8333,268,15,2026-08-09,paid,orders_08.csv
8334,270,35,2026-08-31,paid,orders_08.csv
8335,19,35,2026-08-16,cancelled,orders_08.csv
8336,36,35,2026-08-29,cancelled,orders_08.csv
8337,172,50,2026-08-17,paid,orders_08.csv
8338,329,120,2026-08-27,paid,orders_08.csv
8339,222,10,2026-08-22,paid,orders_08.csv
8340,61,20,2026-08-27,paid,orders_08.csv
8341,213,120,2026-08-30,fulfilled,orders_08.csv
8342,269,15,2026-08-02,paid,orders_08.csv
8343,277,80,2026-08-11,cancelled,orders_08.csv
8344,368,120,2026-08-02,paid,orders_08.csv
8345,311,80,2026-08-19,paid,orders_08.csv
8346,154,80,2026-08-13,paid,orders_08.csv
8347,84,50,2026-08-12,fulfilled,orders_08.csv
8348,395,20,2026-08-13,paid,orders_08.csv
8349,201,50,2026-08-13,fulfilled,orders_08.csv
8350,176,15,2026-08-05,cancelled,orders_08.csv
8351,375,15,2026-08-04,fulfilled,orders_08.csv
8352,14,20,2026-08-31,fulfilled,orders_08.csv
8353,293,120,2026-08-21,paid,orders_08.csv
8354,106,50,2026-08-10,fulfilled,orders_08.csv
8355,15,10,2026-08-11,paid,orders_08.csv
8356,173,80,2026-08-23,paid,orders_08.csv
8357,117,35,2026-08-06,paid,orders_08.csv
8358,290,20,2026-08-09,paid,orders_08.csv
8359,73,120,2026-08-17,paid,orders_08.csv
8360,343,10,2026-08-20,fulfilled,orders_08.csv
8361,362,35,2026-08-22,cancelled,orders_08.csv
8362,159,35,2026-08-25,paid,orders_08.csv
8363,11,15,2026-08-21,fulfilled,orders_08.csv
8364,315,10,2026-08-21,fulfilled,orders_08.csv
8365,85,35,2026-08-27,cancelled,orders_08.csv
8366,370,35,2026-08-15,paid,orders_08.csv
8367,118,35,2026-08-04,paid,orders_08.csv
8368,170,10,2026-08-21,paid,orders_08.csv
8369,201,50,2026-08-09,paid,orders_08.csv
8370,151,10,2026-08-16,cancelled,orders_08.csv
8371,191,50,2026-08-02,paid,orders_08.csv
8372,67,20,2026-08-13,paid,orders_08.csv
8373,88,50,2026-08-13,fulfilled,orders_08.csv
8374,146,50,2026-08-27,cancelled,orders_08.csv
8375,37,80,2026-08-29,paid,orders_08.csv
8376,58,35,2026-08-01,paid,orders_08.csv
8377,69,15,2026-08-16,fulfilled,orders_08.csv
8378,187,35,2026-08-08,paid,orders_08.csv
8379,359,80,2026-08-14,paid,orders_08.csv
8380,313,15,2026-08-16,paid,orders_08.csv
8381,145,15,2026-08-29,paid,orders_08.csv
8382,358,10,2026-08-05,paid,orders_08.csv
8383,317,20,2026-08-24,paid,orders_08.csv
8384,378,20,2026-08-04,paid,orders_08.csv
8385,2,20,2026-08-11,paid,orders_08.csv
8386,318,20,2026-08-23,paid,orders_08.csv
8387,169,15,2026-08-19,fulfilled,orders_08.csv
8388,114,15,2026-08-12,fulfilled,orders_08.csv
8389,227,35,2026-08-19,paid,orders_08.csv
8390,372,15,2026-08-26,fulfilled,orders_08.csv
8391,49,35,2026-08-08,paid,orders_08.csv
8392,369,120,2026-08-14,paid,orders_08.csv
8393,192,80,2026-08-25,paid,orders_08.csv
8394,374,50,2026-08-30,fulfilled,orders_08.csv
8395,4,20,2026-08-06,cancelled,orders_08.csv
8396,182,120,2026-08-10,paid,orders_08.csv
8397,20,20,2026-08-05,fulfilled,orders_08.csv
8398,149,10,2026-08-30,paid,orders_08.csv
8399,5,80,2026-08-26,paid,orders_08.csv
8400,47,15,2026-08-16,cancelled,orders_08.csv
8401,353,35,2026-08-25,cancelled,orders_08.csv
8402,218,35,2026-08-06,paid,orders_08.csv
8403,292,35,2026-08-16,fulfilled,orders_08.csv
8404,300,120,2026-08-11,paid,orders_08.csv
8405,349,80,2026-08-13,fulfilled,orders_08.csv
8406,356,80,2026-08-01,paid,orders_08.csv
8407,180,120,2026-08-13,fulfilled,orders_08.csv
8408,310,50,2026-08-29,paid,orders_08.csv
8409,280,20,2026-08-25,cancelled,orders_08.csv
8410,293,15,2026-08-03,paid,orders_08.csv
8411,208,80,2026-08-24,paid,orders_08.csv
8412,230,35,2026-08-25,cancelled,orders_08.csv
8413,100,120,2026-08-04,cancelled,orders_08.csv
8414,80,80,2026-08-29,paid,orders_08.csv
8415,256,35,2026-08-20,cancelled,orders_08.csv
8416,251,120,2026-08-12,fulfilled,orders_08.csv
8417,250,80,2026-08-14,paid,orders_08.csv
8418,91,15,2026-08-24,paid,orders_08.csv
8419,316,50,2026-08-13,cancelled,orders_08.csv
8420,379,20,2026-08-21,paid,orders_08.csv
8421,348,15,2026-08-20,paid,orders_08.csv
8422,253,50,2026-08-27,paid,orders_08.csv
8423,118,10,2026-08-09,paid,orders_08.csv
8424,11,50,2026-08-29,paid,orders_08.csv
8425,115,120,2026-08-21,fulfilled,orders_08.csv
8426,200,35,2026-08-16,fulfilled,orders_08.csv
8427,126,20,2026-08-24,fulfilled,orders_08.csv
8428,188,20,2026-08-10,paid,orders_08.csv
8429,105,120,2026-08-14,paid,orders_08.csv
8430,41,120,2026-08-06,cancelled,orders_08.csv
8431,329,50,2026-08-17,paid,orders_08.csv
8432,392,15,2026-08-31,fulfilled,orders_08.csv
8433,256,120,2026-08-29,paid,orders_08.csv
8434,129,10,2026-08-25,cancelled,orders_08.csv
8435,257,35,2026-08-21,paid,orders_08.csv
8436,388,20,2026-08-01,cancelled,orders_08.csv
8437,95,10,2026-08-09,cancelled,orders_08.csv
8438,167,80,2026-08-02,paid,orders_08.csv
8439,379,20,2026-08-20,paid,orders_08.csv
8440,330,35,2026-08-24,paid,orders_08.csv
8441,300,120,2026-08-02,paid,orders_08.csv
8442,357,50,2026-08-18,fulfilled,orders_08.csv
8443,394,50,2026-08-22,fulfilled,orders_08.csv
8444,270,35,2026-08-01,cancelled,orders_08.csv
8445,209,20,2026-08-19,paid,orders_08.csv
8446,210,50,2026-08-29,paid,orders_08.csv
8447,320,15,2026-08-01,fulfilled,orders_08.csv
8448,68,35,2026-08-19,paid,orders_08.csv
8449,100,20,2026-08-10,paid,orders_08.csv
8450,55,20,2026-08-02,paid,orders_08.csv
8451,271,120,2026-08-11,paid,orders_08.csv
8452,148,10,2026-08-15,paid,orders_08.csv
8453,328,20,2026-08-03,paid,orders_08.csv
8454,343,50,2026-08-26,paid,orders_08.csv
8455,23,35,2026-08-10,cancelled,orders_08.csv
8456,371,10,2026-08-16,paid,orders_08.csv
8457,25,20,2026-08-28,paid,orders_08.csv
8458,141,15,2026-08-03,paid,orders_08.csv
8459,207,35,2026-08-06,paid,orders_08.csv
8460,45,120,2026-08-30,paid,orders_08.csv
8461,18,120,2026-08-29,fulfilled,orders_08.csv
8462,162,50,2026-08-19,cancelled,orders_08.csv
8463,255,35,2026-08-21,paid,orders_08.csv
8464,208,50,2026-08-29,cancelled,orders_08.csv
8465,177,20,2026-08-31,paid,orders_08.csv
8466,206,15,2026-08-14,paid,orders_08.csv
8467,372,15,2026-08-12,fulfilled,orders_08.csv
8468,146,10,2026-08-08,cancelled,orders_08.csv
8469,396,15,2026-08-20,paid,orders_08.csv
8470,250,80,2026-08-20,paid,orders_08.csv
8471,331,80,2026-08-08,paid,orders_08.csv
8472,119,50,2026-08-16,paid,orders_08.csv
8473,169,120,2026-08-30,paid,orders_08.csv
8474,235,80,2026-08-13,paid,orders_08.csv
8475,236,80,2026-08-24,fulfilled,orders_08.csv
8476,400,35,2026-08-03,cancelled,orders_08.csv
8477,392,120,2026-08-07,paid,orders_08.csv
8478,250,50,2026-08-17,paid,orders_08.csv
8479,354,80,2026-08-07,cancelled,orders_08.csv
8480,370,35,2026-08-13,paid,orders_08.csv
8481,129,20,2026-08-16,cancelled,orders_08.csv
8482,26,80,2026-08-24,paid,orders_08.csv
8483,186,10,2026-08-16,cancelled,orders_08.csv
8484,396,10,2026-08-29,paid,orders_08.csv
8485,51,80,2026-08-20,fulfilled,orders_08.csv
8486,234,35,2026-08-25,paid,orders_08.csv
8487,313,20,2026-08-28,paid,orders_08.csv
8488,301,10,2026-08-18,fulfilled,orders_08.csv
8489,362,10,2026-08-28,paid,orders_08.csv
8490,259,10,2026-08-15,cancelled,orders_08.csv
8491,299,120,2026-08-22,paid,orders_08.csv
8492,97,35,2026-08-08,paid,orders_08.csv
8493,64,50,2026-08-03,cancelled,orders_08.csv
8494,60,80,2026-08-24,paid,orders_08.csv
8495,367,50,2026-08-20,paid,orders_08.csv
8496,171,15,2026-08-03,fulfilled,orders_08.csv
8497,388,10,2026-08-08,paid,orders_08.csv
8498,90,50,2026-08-05,paid,orders_08.csv
8499,175,35,2026-08-15,cancelled,orders_08.csv
8500,271,120,2026-08-01,paid,orders_08.csv
8501,47,120,2026-08-12,paid,orders_08.csv
8502,78,120,2026-08-01,fulfilled,orders_08.csv
8503,86,35,2026-08-31,paid,orders_08.csv
8504,377,50,2026-08-04,paid,orders_08.csv
8505,37,10,2026-08-20,paid,orders_08.csv
8506,388,80,2026-08-21,fulfilled,orders_08.csv
8507,76,50,2026-08-31,cancelled,orders_08.csv
8508,60,20,2026-08-30,fulfilled,orders_08.csv
8509,263,35,2026-08-02,paid,orders_08.csv
8510,26,20,2026-08-13,paid,orders_08.csv
8511,131,15,2026-08-02,cancelled,orders_08.csv
8512,87,20,2026-08-05,paid,orders_08.csv
8513,337,15,2026-08-12,paid,orders_08.csv
8514,266,10,2026-08-14,paid,orders_08.csv
8515,149,120,2026-08-10,paid,orders_08.csv
8516,258,20,2026-08-14,cancelled,orders_08.csv
8517,323,20,2026-08-02,paid,orders_08.csv
8518,69,50,2026-08-22,paid,orders_08.csv
8519,187,120,2026-08-10,fulfilled,orders_08.csv
8520,165,50,2026-08-04,paid,orders_08.csv
8521,55,35,2026-08-31,cancelled,orders_08.csv
8522,60,80,2026-08-23,fulfilled,orders_08.csv
8523,12,120,2026-08-21,fulfilled,orders_08.csv
8524,90,15,2026-08-25,paid,orders_08.csv
8525,35,20,2026-08-13,cancelled,orders_08.csv
8526,55,20,2026-08-27,fulfilled,orders_08.csv
8527,109,120,2026-08-14,fulfilled,orders_08.csv
8528,94,35,2026-08-01,cancelled,orders_08.csv
8529,178,50,2026-08-18,paid,orders_08.csv
8530,12,80,2026-08-02,paid,orders_08.csv
8531,20,80,2026-08-22,paid,orders_08.csv
8532,143,15,2026-08-21,cancelled,orders_08.csv
8533,360,80,2026-08-31,paid,orders_08.csv
8534,87,120,2026-08-11,paid,orders_08.csv
8535,318,20,2026-08-10,fulfilled,orders_08.csv
8536,305,50,2026-08-16,fulfilled,orders_08.csv
8537,28,20,2026-08-31,fulfilled,orders_08.csv
8538,153,15,2026-08-19,cancelled,orders_08.csv
8539,23,15,2026-08-18,paid,orders_08.csv
8540,218,10,2026-08-21,paid,orders_08.csv
8541,178,15,2026-08-21,fulfilled,orders_08.csv
8542,205,120,2026-08-01,paid,orders_08.csv
8543,259,50,2026-08-15,paid,orders_08.csv
8544,312,10,2026-08-22,cancelled,orders_08.csv
8545,390,10,2026-08-29,paid,orders_08.csv
8546,338,20,2026-08-23,paid,orders_08.csv
8547,386,35,2026-08-25,paid,orders_08.csv
8548,72,80,2026-08-06,paid,orders_08.csv
8549,351,120,2026-08-16,cancelled,orders_08.csv
8550,218,80,2026-08-31,paid,orders_08.csv
8551,191,35,2026-08-17,paid,orders_08.csv
8552,40,15,2026-08-12,fulfilled,orders_08.csv
8553,73,50,2026-08-31,fulfilled,orders_08.csv
8554,51,20,2026-08-18,paid,orders_08.csv
8555,224,80,2026-08-07,paid,orders_08.csv
8556,324,50,2026-08-05,paid,orders_08.csv
8557,391,80,2026-08-07,cancelled,orders_08.csv
8558,201,50,2026-08-18,paid,orders_08.csv
8559,245,35,2026-08-20,cancelled,orders_08.csv
8560,125,120,2026-08-22,paid,orders_08.csv
8561,28,50,2026-08-13,fulfilled,orders_08.csv
8562,263,35,2026-08-17,paid,orders_08.csv
8563,55,50,2026-08-30,fulfilled,orders_08.csv
8564,150,35,2026-08-23,fulfilled,orders_08.csv
8565,27,35,2026-08-16,paid,orders_08.csv
8566,204,120,2026-08-29,paid,orders_08.csv
8567,163,15,2026-08-07,paid,orders_08.csv
8568,163,20,2026-08-09,cancelled,orders_08.csv
8569,269,50,2026-08-25,paid,orders_08.csv
8570,165,80,2026-08-28,cancelled,orders_08.csv
8571,23,50,2026-08-26,paid,orders_08.csv
8572,345,35,2026-08-23,paid,orders_08.csv
8573,387,10,2026-08-13,cancelled,orders_08.csv
8574,389,20,2026-08-02,fulfilled,orders_08.csv
8575,285,50,2026-08-06,cancelled,orders_08.csv
8576,61,10,2026-08-10,paid,orders_08.csv
8577,189,35,2026-08-03,paid,orders_08.csv
8578,171,80,2026-08-26,paid,orders_08.csv
8579,237,120,2026-08-06,paid,orders_08.csv
8580,75,20,2026-08-06,cancelled,orders_08.csv
8581,362,10,2026-08-30,paid,orders_08.csv
8582,301,35,2026-08-23,paid,orders_08.csv
8583,50,120,2026-08-17,cancelled,orders_08.csv
8584,163,35,2026-08-14,cancelled,orders_08.csv
8585,238,35,2026-08-23,paid,orders_08.csv
8586,392,80,2026-08-25,cancelled,orders_08.csv
8587,382,50,2026-08-06,paid,orders_08.csv
8588,376,80,2026-08-08,paid,orders_08.csv
8589,137,80,2026-08-26,paid,orders_08.csv
8590,299,10,2026-08-22,paid,orders_08.csv
8591,235,20,2026-08-09,cancelled,orders_08.csv
8592,214,15,2026-08-09,paid,orders_08.csv
8593,217,50,2026-08-07,paid,orders_08.csv
8594,91,20,2026-08-06,paid,orders_08.csv
8595,292,120,2026-08-02,cancelled,orders_08.csv
8596,203,80,2026-08-16,cancelled,orders_08.csv
8597,350,120,2026-08-22,paid,orders_08.csv
8598,169,10,2026-08-16,paid,orders_08.csv
8599,184,15,2026-08-18,paid,orders_08.csv
8600,76,35,2026-08-20,paid,orders_08.csv
8601,249,120,2026-08-22,paid,orders_08.csv
8602,290,15,2026-08-31,fulfilled,orders_08.csv
8603,250,120,2026-08-12,fulfilled,orders_08.csv
8604,396,20,2026-08-09,cancelled,orders_08.csv
8605,159,10,2026-08-18,paid,orders_08.csv
8606,306,80,2026-08-29,paid,orders_08.csv
8607,6,35,2026-08-19,fulfilled,orders_08.csv
8608,208,80,2026-08-20,fulfilled,orders_08.csv
8609,51,80,2026-08-15,cancelled,orders_08.csv
8610,10,20,2026-08-03,paid,orders_08.csv
8611,74,120,2026-08-07,paid,orders_08.csv
8612,42,15,2026-08-13,paid,orders_08.csv
8613,220,15,2026-08-08,cancelled,orders_08.csv
8614,78,10,2026-08-02,cancelled,orders_08.csv
8615,110,120,2026-08-10,paid,orders_08.csv
